SET FOREIGN_KEY_CHECKS=0;
-- phpMyAdmin SQL Dump
-- version 5.2.2
-- https://www.phpmyadmin.net/
--
-- Host: 127.0.0.1:3306
-- Tempo de geração: 26/03/2026 às 13:38
-- Versão do servidor: 11.8.6-MariaDB-log
-- Versão do PHP: 7.2.34

SET SQL_MODE = "NO_AUTO_VALUE_ON_ZERO";
START TRANSACTION;
SET time_zone = "+00:00";


/*!40101 SET @OLD_CHARACTER_SET_CLIENT=@@CHARACTER_SET_CLIENT */;
/*!40101 SET @OLD_CHARACTER_SET_RESULTS=@@CHARACTER_SET_RESULTS */;
/*!40101 SET @OLD_COLLATION_CONNECTION=@@COLLATION_CONNECTION */;
/*!40101 SET NAMES utf8mb4 */;

--
-- Banco de dados: `u136937175_futlendas`
--

-- --------------------------------------------------------

--
-- Estrutura para tabela `campeonatos`
--

CREATE TABLE `campeonatos` (
  `id` int(11) NOT NULL,
  `nome` varchar(255) NOT NULL,
  `data` date NOT NULL,
  `formato` varchar(50) DEFAULT NULL,
  `fase_atual` varchar(50) NOT NULL DEFAULT 'inscricao',
  `num_times` int(11) DEFAULT 4,
  `tem_fase_grupos` tinyint(1) DEFAULT 1,
  `fase_grupos_ida_volta` tinyint(1) DEFAULT 0,
  `tem_repescagem` tinyint(1) DEFAULT 0,
  `tem_terceiro_lugar` tinyint(1) DEFAULT 0,
  `modo_selecao_times` varchar(50) DEFAULT 'fixo',
  `time_campeao_id` int(11) DEFAULT NULL,
  `foto_campiao_url` text DEFAULT NULL,
  `status` varchar(50) NOT NULL DEFAULT 'aguardando',
  `criado_em` datetime NOT NULL DEFAULT CURRENT_TIMESTAMP
) ENGINE=InnoDB DEFAULT CHARSET=utf8mb4 COLLATE=utf8mb4_unicode_ci;

--
-- Despejando dados para a tabela `campeonatos`
--

INSERT INTO `campeonatos` (`id`, `nome`, `data`, `formato`, `fase_atual`, `num_times`, `tem_fase_grupos`, `fase_grupos_ida_volta`, `tem_repescagem`, `tem_terceiro_lugar`, `modo_selecao_times`, `time_campeao_id`, `foto_campiao_url`, `status`, `criado_em`) VALUES
(13, 'Nov/Dez - 2025', '2025-11-11', 'liga', 'finalizado', 4, 1, 0, 0, 0, 'fixo', 5, 'https://bucketfutlendas.s3.sa-east-1.amazonaws.com/campeonatos/13/1765417757642.jpg', 'aguardando', '2026-03-03 20:02:12'),
(16, 'Out/Nov - 2025', '2025-10-20', 'liga', 'finalizado', 4, 1, 0, 0, 0, 'fixo', 1, 'https://bucketfutlendas.s3.sa-east-1.amazonaws.com/campeonatos/16/1764527849491.jpeg', 'aguardando', '2026-03-03 20:02:12'),
(37, 'Camp FEV/Mar', '2026-02-10', 'liga', 'mata_mata', 4, 0, 0, 0, 0, 'fixo', NULL, NULL, 'aguardando', '2026-03-03 20:02:12');

-- --------------------------------------------------------

--
-- Estrutura para tabela `campeonato_elencos`
--

CREATE TABLE `campeonato_elencos` (
  `id` int(11) NOT NULL,
  `campeonato_id` int(11) NOT NULL,
  `time_id` int(11) NOT NULL,
  `jogador_id` int(11) NOT NULL,
  `is_capitao` tinyint(1) DEFAULT 0,
  `is_pe_de_rato` tinyint(1) DEFAULT 0
) ENGINE=InnoDB DEFAULT CHARSET=utf8mb4 COLLATE=utf8mb4_unicode_ci;

--
-- Despejando dados para a tabela `campeonato_elencos`
--

INSERT INTO `campeonato_elencos` (`id`, `campeonato_id`, `time_id`, `jogador_id`, `is_capitao`, `is_pe_de_rato`) VALUES
(206, 13, 6, 9, 0, 1),
(207, 13, 6, 41, 0, 0),
(208, 13, 6, 48, 1, 0),
(209, 13, 6, 51, 0, 0),
(210, 13, 6, 52, 0, 0),
(211, 13, 6, 53, 0, 0),
(212, 13, 1, 8, 0, 1),
(213, 13, 1, 44, 0, 0),
(214, 13, 1, 46, 1, 0),
(215, 13, 1, 54, 0, 0),
(216, 13, 1, 55, 0, 0),
(217, 13, 1, 76, 0, 0),
(218, 13, 5, 1, 1, 0),
(219, 13, 5, 2, 0, 0),
(220, 13, 5, 6, 0, 1),
(221, 13, 5, 7, 0, 0),
(222, 13, 5, 47, 0, 0),
(223, 13, 5, 50, 0, 0),
(224, 13, 2, 3, 0, 0),
(225, 13, 2, 10, 0, 0),
(226, 13, 2, 39, 0, 1),
(227, 13, 2, 42, 1, 0),
(228, 13, 2, 45, 0, 0),
(229, 13, 2, 49, 0, 0),
(230, 16, 1, 1, 0, 0),
(231, 16, 1, 7, 0, 0),
(232, 16, 1, 8, 0, 1),
(233, 16, 1, 41, 0, 0),
(234, 16, 1, 46, 1, 0),
(235, 16, 1, 49, 0, 0),
(236, 16, 2, 2, 0, 0),
(237, 16, 2, 6, 0, 1),
(238, 16, 2, 9, 0, 0),
(239, 16, 2, 42, 1, 0),
(240, 16, 2, 51, 0, 0),
(241, 16, 2, 83, 0, 0),
(242, 16, 3, 3, 0, 0),
(243, 16, 3, 45, 0, 0),
(244, 16, 3, 47, 1, 0),
(245, 16, 3, 54, 0, 0),
(246, 16, 3, 76, 0, 0),
(247, 16, 3, 82, 0, 1),
(248, 16, 4, 10, 1, 0),
(249, 16, 4, 39, 0, 1),
(250, 16, 4, 44, 0, 0),
(251, 16, 4, 50, 0, 0),
(252, 16, 4, 52, 0, 0),
(253, 16, 4, 55, 0, 0),
(530, 37, 14, 3, 0, 0),
(531, 37, 14, 12, 0, 0),
(532, 37, 14, 44, 0, 0),
(533, 37, 14, 46, 0, 0),
(534, 37, 14, 51, 0, 0),
(535, 37, 14, 53, 1, 0),
(537, 37, 13, 9, 0, 1),
(538, 37, 13, 40, 0, 0),
(540, 37, 13, 45, 0, 0),
(541, 37, 13, 79, 0, 0),
(544, 37, 5, 1, 1, 0),
(545, 37, 5, 8, 0, 1),
(546, 37, 5, 42, 0, 0),
(547, 37, 5, 50, 0, 0),
(548, 37, 5, 54, 0, 0),
(549, 37, 5, 76, 0, 0),
(551, 37, 6, 2, 0, 0),
(552, 37, 6, 6, 0, 1),
(553, 37, 6, 48, 1, 0),
(554, 37, 6, 52, 0, 0),
(555, 37, 6, 55, 0, 0),
(558, 37, 13, 81, 0, 0),
(559, 37, 6, 10, 0, 0),
(560, 37, 13, 47, 0, 0);

-- --------------------------------------------------------

--
-- Estrutura para tabela `campeonato_estatisticas_partida`
--

CREATE TABLE `campeonato_estatisticas_partida` (
  `partida_id` int(11) NOT NULL,
  `jogador_id` int(11) NOT NULL,
  `time_id` int(11) NOT NULL,
  `gols` int(11) NOT NULL DEFAULT 0,
  `assistencias` int(11) NOT NULL DEFAULT 0,
  `clean_sheet` tinyint(1) DEFAULT 0,
  `gols_contra` int(11) NOT NULL DEFAULT 0
) ENGINE=InnoDB DEFAULT CHARSET=utf8mb4 COLLATE=utf8mb4_unicode_ci;

--
-- Despejando dados para a tabela `campeonato_estatisticas_partida`
--

INSERT INTO `campeonato_estatisticas_partida` (`partida_id`, `jogador_id`, `time_id`, `gols`, `assistencias`, `clean_sheet`, `gols_contra`) VALUES
(17, 3, 2, 0, 0, 0, 0),
(17, 5, 2, 0, 0, 0, 0),
(17, 8, 1, 0, 0, 1, 0),
(17, 10, 2, 0, 0, 0, 0),
(17, 11, 2, 0, 0, 0, 0),
(17, 42, 2, 0, 0, 0, 0),
(17, 44, 1, 0, 0, 1, 0),
(17, 46, 1, 1, 0, 1, 0),
(17, 49, 2, 0, 0, 0, 0),
(17, 54, 1, 0, 1, 1, 0),
(17, 55, 1, 0, 0, 1, 0),
(17, 77, 1, 0, 0, 1, 0),
(17, 78, 1, 0, 0, 1, 0),
(17, 79, 2, 0, 0, 0, 0),
(18, 1, 5, 0, 1, 0, 0),
(18, 2, 5, 0, 0, 0, 0),
(18, 6, 5, 0, 0, 0, 0),
(18, 7, 5, 1, 0, 0, 0),
(18, 8, 1, 0, 0, 0, 0),
(18, 11, 5, 0, 0, 0, 0),
(18, 40, 5, 0, 0, 0, 0),
(18, 44, 1, 1, 0, 0, 0),
(18, 46, 1, 2, 0, 0, 0),
(18, 50, 5, 0, 0, 0, 0),
(18, 54, 1, 0, 0, 0, 0),
(18, 55, 1, 0, 2, 0, 0),
(18, 77, 1, 0, 0, 0, 0),
(18, 78, 1, 0, 0, 0, 0),
(19, 8, 1, 0, 0, 1, 0),
(19, 9, 6, 0, 0, 1, 0),
(19, 11, 6, 0, 0, 1, 0),
(19, 41, 6, 0, 0, 1, 0),
(19, 44, 1, 0, 0, 1, 0),
(19, 46, 1, 0, 0, 1, 0),
(19, 48, 6, 0, 0, 1, 0),
(19, 51, 6, 0, 0, 1, 0),
(19, 52, 6, 0, 0, 1, 0),
(19, 53, 6, 0, 0, 1, 0),
(19, 54, 1, 0, 0, 1, 0),
(19, 55, 1, 0, 0, 1, 0),
(19, 77, 1, 0, 0, 1, 0),
(19, 78, 1, 0, 0, 1, 0),
(20, 1, 5, 0, 1, 0, 0),
(20, 2, 5, 0, 0, 0, 0),
(20, 3, 2, 0, 0, 0, 0),
(20, 5, 2, 0, 0, 0, 0),
(20, 6, 5, 0, 0, 0, 0),
(20, 7, 5, 0, 0, 0, 0),
(20, 10, 2, 1, 0, 0, 0),
(20, 11, 5, 0, 0, 0, 0),
(20, 40, 5, 1, 0, 0, 0),
(20, 42, 2, 1, 0, 0, 0),
(20, 49, 2, 0, 1, 0, 0),
(20, 50, 5, 0, 0, 0, 0),
(20, 77, 2, 0, 0, 0, 0),
(20, 79, 2, 0, 1, 0, 0),
(21, 3, 2, 0, 0, 0, 0),
(21, 5, 2, 0, 0, 0, 0),
(21, 9, 6, 0, 0, 1, 0),
(21, 10, 2, 0, 0, 0, 0),
(21, 11, 6, 0, 0, 1, 0),
(21, 41, 6, 0, 0, 1, 0),
(21, 42, 2, 0, 0, 0, 0),
(21, 48, 6, 0, 2, 1, 0),
(21, 49, 2, 0, 0, 0, 0),
(21, 51, 6, 1, 0, 1, 0),
(21, 52, 6, 0, 0, 1, 0),
(21, 53, 6, 1, 0, 1, 0),
(21, 77, 2, 0, 0, 0, 0),
(21, 79, 2, 0, 0, 0, 0),
(22, 8, 1, 0, 0, 0, 0),
(22, 9, 6, 0, 0, 0, 0),
(22, 11, 6, 0, 0, 0, 0),
(22, 41, 6, 0, 0, 0, 0),
(22, 44, 1, 0, 0, 0, 0),
(22, 46, 1, 1, 0, 0, 0),
(22, 48, 6, 0, 0, 0, 0),
(22, 51, 6, 1, 0, 0, 0),
(22, 52, 6, 0, 0, 0, 0),
(22, 53, 6, 0, 0, 0, 0),
(22, 54, 1, 0, 0, 0, 0),
(22, 55, 1, 0, 0, 0, 0),
(22, 77, 1, 0, 0, 0, 0),
(22, 78, 1, 0, 0, 0, 0),
(23, 1, 5, 0, 0, 0, 0),
(23, 2, 5, 0, 0, 0, 0),
(23, 3, 2, 0, 0, 0, 0),
(23, 6, 5, 0, 0, 0, 0),
(23, 7, 5, 0, 0, 0, 0),
(23, 10, 2, 0, 0, 0, 0),
(23, 11, 2, 0, 0, 0, 0),
(23, 39, 2, 0, 0, 0, 0),
(23, 40, 5, 0, 0, 0, 0),
(23, 42, 2, 0, 0, 0, 0),
(23, 45, 2, 0, 0, 0, 0),
(23, 49, 2, 0, 0, 0, 0),
(23, 50, 5, 0, 0, 0, 0),
(23, 77, 5, 0, 0, 0, 0),
(25, 8, 1, 0, 0, 0, 0),
(25, 9, 6, 0, 0, 0, 0),
(25, 11, 6, 0, 0, 0, 0),
(25, 41, 6, 0, 0, 0, 0),
(25, 44, 1, 0, 0, 0, 0),
(25, 46, 1, 0, 0, 0, 0),
(25, 48, 6, 0, 0, 0, 0),
(25, 51, 6, 0, 0, 0, 0),
(25, 52, 6, 1, 0, 0, 0),
(25, 53, 6, 0, 0, 0, 0),
(25, 54, 1, 0, 0, 0, 0),
(25, 55, 1, 1, 0, 0, 0),
(25, 77, 1, 0, 0, 0, 0),
(25, 78, 1, 0, 0, 0, 0),
(26, 3, 2, 0, 0, 0, 0),
(26, 5, 2, 0, 0, 0, 0),
(26, 8, 1, 0, 0, 0, 0),
(26, 10, 2, 0, 0, 0, 0),
(26, 42, 2, 0, 0, 0, 0),
(26, 44, 1, 0, 0, 0, 0),
(26, 46, 1, 0, 0, 0, 0),
(26, 49, 2, 0, 0, 0, 0),
(26, 54, 1, 0, 0, 0, 0),
(26, 55, 1, 0, 0, 0, 0),
(26, 78, 1, 0, 0, 0, 0),
(26, 79, 2, 0, 0, 0, 0),
(27, 1, 5, 0, 0, 1, 0),
(27, 2, 5, 0, 1, 1, 0),
(27, 3, 2, 0, 0, 0, 0),
(27, 5, 2, 0, 0, 0, 0),
(27, 6, 5, 0, 0, 1, 0),
(27, 7, 5, 0, 0, 1, 0),
(27, 10, 2, 0, 0, 0, 0),
(27, 11, 5, 0, 0, 1, 0),
(27, 40, 5, 0, 0, 1, 0),
(27, 42, 2, 0, 0, 0, 0),
(27, 49, 2, 0, 0, 0, 0),
(27, 50, 5, 2, 0, 1, 0),
(27, 77, 2, 0, 0, 0, 0),
(27, 79, 2, 0, 0, 0, 0),
(29, 1, 5, 0, 1, 0, 0),
(29, 2, 5, 0, 0, 0, 0),
(29, 6, 5, 1, 0, 0, 0),
(29, 7, 5, 1, 0, 0, 0),
(29, 8, 1, 1, 0, 0, 0),
(29, 11, 5, 0, 0, 0, 0),
(29, 40, 5, 0, 0, 0, 0),
(29, 44, 1, 0, 0, 0, 0),
(29, 46, 1, 0, 0, 0, 0),
(29, 50, 5, 0, 1, 0, 0),
(29, 54, 1, 0, 0, 0, 0),
(29, 55, 1, 0, 0, 0, 0),
(29, 77, 1, 0, 0, 0, 0),
(29, 78, 1, 0, 0, 0, 0),
(30, 1, 5, 0, 0, 1, 0),
(30, 2, 5, 0, 0, 1, 0),
(30, 6, 5, 0, 0, 1, 0),
(30, 7, 5, 2, 0, 1, 0),
(30, 9, 6, 0, 0, 0, 0),
(30, 11, 5, 0, 0, 1, 0),
(30, 40, 5, 0, 0, 1, 0),
(30, 41, 6, 0, 0, 0, 0),
(30, 48, 6, 0, 0, 0, 0),
(30, 50, 5, 0, 1, 1, 0),
(30, 51, 6, 0, 0, 0, 0),
(30, 52, 6, 0, 0, 0, 0),
(30, 53, 6, 0, 0, 0, 0),
(30, 77, 6, 0, 0, 0, 0),
(34, 1, 5, 0, 0, 0, 0),
(34, 2, 5, 0, 0, 0, 0),
(34, 3, 2, 0, 0, 1, 0),
(34, 5, 2, 0, 0, 1, 0),
(34, 6, 5, 0, 0, 0, 0),
(34, 7, 5, 0, 0, 0, 0),
(34, 10, 2, 0, 0, 1, 0),
(34, 11, 5, 0, 0, 0, 0),
(34, 40, 5, 0, 0, 0, 0),
(34, 42, 2, 0, 0, 1, 0),
(34, 49, 2, 0, 0, 1, 0),
(34, 50, 5, 0, 0, 0, 0),
(34, 77, 2, 0, 0, 1, 0),
(34, 79, 2, 1, 0, 1, 0),
(38, 8, 1, 0, 0, 1, 0),
(38, 9, 6, 0, 0, 1, 0),
(38, 11, 1, 0, 0, 1, 0),
(38, 41, 6, 0, 0, 1, 0),
(38, 44, 1, 0, 0, 1, 0),
(38, 48, 6, 0, 0, 1, 0),
(38, 51, 6, 0, 0, 1, 0),
(38, 52, 6, 0, 0, 1, 0),
(38, 53, 6, 0, 0, 1, 0),
(38, 54, 1, 0, 0, 1, 0),
(38, 55, 1, 0, 0, 1, 0),
(38, 76, 1, 0, 0, 1, 0),
(38, 77, 6, 0, 0, 1, 0),
(38, 81, 1, 0, 0, 1, 0),
(39, 1, 5, 0, 1, 0, 0),
(39, 2, 5, 0, 0, 0, 0),
(39, 3, 2, 0, 0, 0, 0),
(39, 6, 5, 0, 0, 0, 0),
(39, 7, 5, 0, 0, 0, 0),
(39, 10, 2, 0, 0, 0, 0),
(39, 11, 2, 0, 0, 0, 0),
(39, 12, 5, 0, 0, 0, 0),
(39, 39, 2, 0, 0, 0, 0),
(39, 42, 2, 0, 1, 0, 0),
(39, 49, 2, 0, 0, 0, 0),
(39, 77, 5, 0, 0, 0, 0),
(39, 78, 5, 1, 0, 0, 0),
(40, 3, 2, 0, 0, 1, 0),
(40, 8, 1, 0, 0, 0, 0),
(40, 10, 2, 0, 0, 1, 0),
(40, 11, 2, 0, 0, 1, 0),
(40, 39, 2, 0, 0, 1, 0),
(40, 42, 2, 0, 0, 1, 0),
(40, 44, 1, 0, 0, 0, 0),
(40, 49, 2, 1, 0, 1, 0),
(40, 54, 1, 0, 0, 0, 0),
(40, 55, 1, 0, 0, 0, 0),
(40, 76, 1, 0, 0, 0, 0),
(40, 77, 1, 0, 0, 0, 0),
(40, 81, 1, 0, 0, 0, 0),
(41, 3, 2, 0, 0, 0, 0),
(41, 9, 6, 1, 0, 1, 0),
(41, 10, 2, 0, 0, 0, 0),
(41, 11, 2, 0, 0, 0, 0),
(41, 39, 2, 0, 0, 0, 0),
(41, 41, 6, 0, 0, 1, 0),
(41, 42, 2, 0, 0, 0, 0),
(41, 48, 6, 0, 2, 1, 0),
(41, 49, 2, 0, 0, 0, 0),
(41, 51, 6, 0, 0, 1, 0),
(41, 52, 6, 1, 0, 1, 0),
(41, 53, 6, 0, 0, 1, 0),
(41, 77, 6, 0, 0, 1, 0),
(42, 1, 5, 0, 0, 1, 0),
(42, 2, 5, 0, 1, 1, 0),
(42, 6, 5, 0, 0, 1, 0),
(42, 7, 5, 1, 0, 1, 0),
(42, 9, 6, 0, 0, 0, 0),
(42, 11, 5, 0, 0, 1, 0),
(42, 12, 5, 0, 0, 1, 0),
(42, 41, 6, 0, 0, 0, 0),
(42, 48, 6, 0, 0, 0, 0),
(42, 51, 6, 0, 0, 0, 0),
(42, 52, 6, 0, 0, 0, 0),
(42, 53, 6, 0, 0, 0, 0),
(42, 77, 6, 0, 0, 0, 0),
(42, 78, 5, 0, 0, 1, 0),
(43, 1, 5, 0, 0, 1, 0),
(43, 2, 5, 0, 0, 1, 0),
(43, 6, 5, 0, 0, 1, 0),
(43, 7, 5, 0, 0, 1, 0),
(43, 8, 1, 0, 0, 0, 0),
(43, 11, 5, 0, 0, 1, 0),
(43, 12, 5, 1, 0, 1, 0),
(43, 44, 1, 0, 0, 0, 0),
(43, 54, 1, 0, 0, 0, 0),
(43, 55, 1, 0, 0, 0, 0),
(43, 76, 1, 0, 0, 0, 0),
(43, 77, 1, 0, 0, 0, 0),
(43, 78, 5, 0, 0, 1, 0),
(43, 81, 1, 0, 0, 0, 0),
(44, 1, 5, 1, 0, 0, 0),
(44, 2, 5, 0, 0, 0, 0),
(44, 3, 2, 0, 0, 0, 0),
(44, 6, 5, 0, 0, 0, 0),
(44, 7, 5, 0, 0, 0, 0),
(44, 10, 2, 2, 0, 0, 0),
(44, 11, 5, 0, 0, 0, 0),
(44, 12, 5, 0, 1, 0, 0),
(44, 39, 2, 0, 0, 0, 0),
(44, 42, 2, 0, 1, 0, 0),
(44, 49, 2, 0, 1, 0, 0),
(44, 77, 2, 0, 0, 0, 0),
(44, 78, 5, 0, 0, 0, 0),
(45, 3, 2, 0, 0, 0, 0),
(45, 9, 6, 0, 0, 0, 0),
(45, 10, 2, 1, 0, 0, 0),
(45, 11, 6, 0, 0, 0, 0),
(45, 39, 2, 0, 0, 0, 0),
(45, 41, 6, 0, 0, 0, 0),
(45, 42, 2, 0, 0, 0, 0),
(45, 48, 6, 0, 1, 0, 0),
(45, 49, 2, 0, 0, 0, 0),
(45, 51, 6, 0, 0, 0, 0),
(45, 52, 6, 0, 0, 0, 0),
(45, 53, 6, 1, 0, 0, 0),
(45, 77, 2, 0, 0, 0, 0),
(46, 1, 5, 0, 0, 0, 0),
(46, 2, 5, 0, 0, 0, 0),
(46, 6, 5, 0, 0, 0, 0),
(46, 7, 5, 0, 0, 0, 0),
(46, 8, 1, 0, 0, 1, 0),
(46, 11, 1, 0, 0, 1, 0),
(46, 12, 5, 0, 0, 0, 0),
(46, 44, 1, 1, 0, 1, 0),
(46, 54, 1, 0, 0, 1, 0),
(46, 55, 1, 0, 0, 1, 0),
(46, 76, 1, 0, 0, 1, 0),
(46, 77, 5, 0, 0, 0, 0),
(46, 78, 5, 0, 0, 0, 0),
(46, 81, 1, 0, 1, 1, 0),
(47, 8, 1, 0, 0, 0, 0),
(47, 9, 6, 0, 0, 0, 0),
(47, 11, 1, 0, 0, 0, 0),
(47, 41, 6, 0, 0, 0, 0),
(47, 44, 1, 1, 0, 0, 0),
(47, 48, 6, 2, 1, 0, 0),
(47, 51, 6, 0, 0, 0, 0),
(47, 52, 6, 0, 0, 0, 0),
(47, 53, 6, 1, 1, 0, 0),
(47, 54, 1, 0, 0, 0, 0),
(47, 55, 1, 0, 0, 0, 0),
(47, 76, 1, 0, 0, 0, 0),
(47, 77, 6, 0, 0, 0, 0),
(47, 81, 1, 0, 0, 0, 0),
(48, 3, 2, 0, 0, 0, 0),
(48, 9, 6, 0, 0, 0, 0),
(48, 10, 2, 0, 0, 0, 0),
(48, 11, 2, 0, 0, 0, 0),
(48, 39, 2, 0, 0, 0, 0),
(48, 41, 6, 0, 0, 0, 0),
(48, 42, 2, 1, 0, 0, 0),
(48, 48, 6, 1, 0, 0, 0),
(48, 49, 2, 0, 0, 0, 0),
(48, 51, 6, 1, 0, 0, 0),
(48, 52, 6, 0, 0, 0, 0),
(48, 53, 6, 0, 0, 0, 0),
(48, 77, 6, 0, 0, 0, 0),
(49, 1, 5, 2, 0, 0, 0),
(49, 2, 5, 0, 0, 0, 0),
(49, 6, 5, 0, 0, 0, 0),
(49, 7, 5, 0, 0, 0, 0),
(49, 9, 6, 1, 0, 0, 0),
(49, 11, 5, 0, 0, 0, 0),
(49, 12, 5, 0, 0, 0, 0),
(49, 41, 6, 0, 0, 0, 0),
(49, 48, 6, 1, 0, 0, 0),
(49, 51, 6, 0, 0, 0, 0),
(49, 52, 6, 0, 0, 0, 0),
(49, 53, 6, 0, 0, 0, 0),
(49, 77, 6, 0, 0, 0, 0),
(49, 78, 5, 0, 0, 0, 0),
(50, 3, 2, 0, 0, 0, 0),
(50, 8, 1, 0, 1, 0, 0),
(50, 10, 2, 0, 1, 0, 0),
(50, 11, 1, 0, 0, 0, 0),
(50, 39, 2, 0, 0, 0, 0),
(50, 42, 2, 0, 0, 0, 0),
(50, 44, 1, 0, 2, 0, 0),
(50, 45, 2, 1, 0, 0, 0),
(50, 46, 1, 0, 0, 0, 0),
(50, 49, 2, 0, 0, 0, 0),
(50, 54, 1, 0, 0, 0, 0),
(50, 55, 1, 1, 0, 0, 0),
(50, 77, 2, 0, 0, 0, 0),
(50, 81, 1, 2, 0, 0, 0),
(51, 8, 1, 0, 0, 1, 0),
(51, 9, 6, 0, 0, 0, 0),
(51, 11, 1, 0, 0, 1, 0),
(51, 41, 6, 0, 0, 0, 0),
(51, 44, 1, 1, 0, 1, 0),
(51, 46, 1, 0, 0, 1, 0),
(51, 48, 6, 0, 0, 0, 0),
(51, 51, 6, 0, 0, 0, 0),
(51, 53, 6, 0, 0, 0, 0),
(51, 54, 1, 0, 0, 1, 0),
(51, 55, 1, 0, 0, 1, 0),
(51, 77, 6, 0, 0, 0, 0),
(51, 81, 1, 0, 1, 1, 0),
(52, 1, 5, 1, 1, 1, 0),
(52, 2, 5, 0, 0, 1, 0),
(52, 7, 5, 0, 0, 1, 0),
(52, 8, 1, 0, 0, 0, 0),
(52, 11, 1, 0, 0, 0, 0),
(52, 43, 5, 0, 0, 1, 0),
(52, 44, 1, 0, 0, 0, 0),
(52, 46, 1, 0, 0, 0, 0),
(52, 50, 5, 1, 0, 1, 0),
(52, 54, 1, 0, 0, 0, 0),
(52, 55, 1, 0, 0, 0, 0),
(52, 77, 5, 0, 0, 1, 0),
(52, 78, 5, 0, 1, 1, 0),
(52, 81, 1, 0, 0, 0, 0),
(53, 1, 5, 0, 0, 0, 0),
(53, 2, 5, 0, 0, 0, 0),
(53, 3, 2, 0, 0, 1, 0),
(53, 7, 5, 0, 0, 0, 0),
(53, 10, 2, 0, 0, 1, 0),
(53, 11, 2, 0, 0, 1, 0),
(53, 39, 2, 0, 0, 1, 0),
(53, 42, 2, 1, 0, 1, 0),
(53, 43, 5, 0, 0, 0, 0),
(53, 45, 2, 0, 0, 1, 0),
(53, 49, 2, 1, 0, 1, 0),
(53, 50, 5, 0, 0, 0, 0),
(53, 77, 5, 0, 0, 0, 0),
(53, 78, 5, 0, 0, 0, 0),
(54, 3, 2, 0, 0, 0, 0),
(54, 9, 6, 0, 0, 0, 0),
(54, 10, 2, 1, 0, 0, 0),
(54, 11, 2, 0, 0, 0, 0),
(54, 39, 2, 0, 0, 0, 0),
(54, 41, 6, 0, 0, 0, 0),
(54, 42, 2, 0, 0, 0, 0),
(54, 45, 2, 0, 0, 0, 0),
(54, 48, 6, 0, 0, 0, 0),
(54, 49, 2, 0, 0, 0, 0),
(54, 51, 6, 0, 0, 0, 0),
(54, 53, 6, 2, 0, 0, 0),
(54, 77, 6, 0, 0, 0, 0),
(55, 8, 1, 0, 0, 1, 0),
(55, 9, 6, 0, 0, 0, 0),
(55, 11, 1, 0, 0, 1, 0),
(55, 41, 6, 0, 0, 0, 0),
(55, 44, 1, 1, 0, 1, 0),
(55, 46, 1, 0, 0, 1, 0),
(55, 48, 6, 0, 0, 0, 0),
(55, 51, 6, 0, 0, 0, 0),
(55, 53, 6, 0, 0, 0, 0),
(55, 54, 1, 0, 0, 1, 0),
(55, 55, 1, 0, 0, 1, 0),
(55, 77, 6, 0, 0, 0, 0),
(55, 81, 1, 0, 0, 1, 0),
(56, 3, 2, 0, 0, 0, 0),
(56, 8, 1, 0, 0, 0, 0),
(56, 10, 2, 0, 0, 0, 0),
(56, 39, 2, 0, 0, 0, 0),
(56, 42, 2, 0, 0, 0, 0),
(56, 44, 1, 0, 0, 0, 0),
(56, 45, 2, 0, 0, 0, 0),
(56, 46, 1, 0, 0, 0, 0),
(56, 49, 2, 0, 0, 0, 0),
(56, 54, 1, 0, 0, 0, 0),
(56, 55, 1, 0, 0, 0, 0),
(56, 81, 1, 0, 0, 0, 0),
(57, 1, 5, 0, 1, 1, 0),
(57, 2, 5, 0, 0, 1, 0),
(57, 7, 5, 1, 2, 1, 0),
(57, 8, 1, 0, 0, 0, 0),
(57, 11, 1, 0, 0, 0, 0),
(57, 43, 5, 0, 0, 1, 0),
(57, 44, 1, 0, 0, 0, 0),
(57, 46, 1, 0, 0, 0, 0),
(57, 50, 5, 1, 0, 1, 0),
(57, 54, 1, 0, 0, 0, 0),
(57, 55, 1, 0, 0, 0, 0),
(57, 77, 5, 0, 0, 1, 0),
(57, 78, 5, 2, 1, 1, 0),
(57, 81, 1, 0, 0, 0, 0),
(58, 1, 5, 0, 0, 0, 0),
(58, 2, 5, 1, 0, 0, 0),
(58, 3, 2, 0, 0, 0, 0),
(58, 7, 5, 0, 0, 0, 0),
(58, 10, 2, 0, 0, 0, 0),
(58, 11, 2, 0, 0, 0, 0),
(58, 39, 2, 0, 1, 0, 0),
(58, 42, 2, 1, 1, 0, 0),
(58, 43, 5, 0, 1, 0, 0),
(58, 45, 2, 1, 0, 0, 0),
(58, 49, 2, 0, 0, 0, 0),
(58, 50, 5, 1, 0, 0, 0),
(58, 77, 5, 0, 0, 0, 0),
(58, 78, 5, 0, 0, 0, 0),
(59, 8, 1, 0, 0, 1, 0),
(59, 9, 6, 0, 0, 1, 0),
(59, 11, 6, 0, 0, 1, 0),
(59, 41, 6, 0, 0, 1, 0),
(59, 44, 1, 0, 0, 1, 0),
(59, 46, 1, 0, 0, 1, 0),
(59, 48, 6, 0, 0, 1, 0),
(59, 51, 6, 0, 0, 1, 0),
(59, 53, 6, 0, 0, 1, 0),
(59, 54, 1, 0, 0, 1, 0),
(59, 55, 1, 0, 0, 1, 0),
(59, 77, 1, 0, 0, 1, 0),
(59, 81, 1, 0, 0, 1, 0),
(60, 1, 5, 0, 0, 1, 0),
(60, 2, 5, 0, 0, 1, 0),
(60, 3, 2, 0, 0, 1, 0),
(60, 6, 5, 0, 0, 1, 0),
(60, 7, 5, 0, 0, 1, 0),
(60, 10, 2, 0, 0, 1, 0),
(60, 11, 5, 0, 0, 1, 0),
(60, 39, 2, 0, 0, 1, 0),
(60, 42, 2, 0, 0, 1, 0),
(60, 45, 2, 0, 0, 1, 0),
(60, 49, 2, 0, 0, 1, 0),
(60, 50, 5, 0, 0, 1, 0),
(60, 77, 2, 0, 0, 1, 0),
(60, 78, 5, 0, 0, 1, 0),
(61, 8, 1, 0, 0, 0, 0),
(61, 9, 6, 0, 0, 1, 0),
(61, 11, 6, 0, 0, 1, 0),
(61, 41, 6, 0, 0, 1, 0),
(61, 44, 1, 0, 0, 0, 0),
(61, 46, 1, 0, 0, 0, 0),
(61, 48, 6, 1, 1, 1, 0),
(61, 51, 6, 0, 0, 1, 0),
(61, 53, 6, 1, 0, 1, 0),
(61, 54, 1, 0, 0, 0, 0),
(61, 55, 1, 0, 0, 0, 0),
(61, 77, 1, 0, 0, 0, 0),
(61, 81, 1, 0, 0, 0, 1),
(62, 1, 5, 0, 0, 1, 0),
(62, 2, 5, 0, 0, 1, 0),
(62, 7, 5, 0, 0, 1, 0),
(62, 9, 6, 0, 0, 1, 0),
(62, 11, 5, 0, 0, 1, 0),
(62, 41, 6, 0, 0, 1, 0),
(62, 43, 5, 0, 0, 1, 0),
(62, 48, 6, 0, 0, 1, 0),
(62, 50, 5, 0, 0, 1, 0),
(62, 51, 6, 0, 0, 1, 0),
(62, 53, 6, 0, 0, 1, 0),
(62, 77, 6, 0, 0, 1, 0),
(62, 78, 5, 0, 0, 1, 0),
(63, 2, 2, 0, 0, 1, 0),
(63, 5, 2, 0, 0, 1, 0),
(63, 6, 2, 0, 0, 1, 0),
(63, 9, 2, 0, 0, 1, 0),
(63, 10, 4, 0, 0, 1, 0),
(63, 39, 4, 0, 0, 1, 0),
(63, 42, 2, 0, 0, 1, 0),
(63, 43, 4, 0, 0, 1, 0),
(63, 44, 4, 0, 0, 1, 0),
(63, 50, 4, 0, 0, 1, 0),
(63, 51, 2, 0, 0, 1, 0),
(63, 52, 4, 0, 0, 1, 0),
(63, 55, 4, 0, 0, 1, 0),
(64, 2, 2, 0, 0, 0, 0),
(64, 3, 3, 0, 2, 0, 0),
(64, 5, 3, 0, 0, 0, 0),
(64, 6, 2, 1, 0, 0, 0),
(64, 9, 2, 0, 0, 0, 0),
(64, 42, 2, 1, 0, 0, 0),
(64, 43, 2, 0, 0, 0, 0),
(64, 45, 3, 2, 0, 0, 0),
(64, 47, 3, 0, 0, 0, 0),
(64, 51, 2, 0, 0, 0, 0),
(64, 54, 3, 0, 0, 0, 0),
(64, 76, 3, 0, 0, 0, 0),
(64, 82, 3, 0, 0, 0, 0),
(65, 1, 1, 0, 0, 1, 0),
(65, 5, 1, 0, 0, 1, 0),
(65, 7, 1, 0, 0, 1, 0),
(65, 8, 1, 0, 0, 1, 0),
(65, 10, 4, 0, 0, 1, 0),
(65, 39, 4, 0, 0, 1, 0),
(65, 41, 1, 0, 0, 1, 0),
(65, 43, 4, 0, 0, 1, 0),
(65, 44, 4, 0, 0, 1, 0),
(65, 46, 1, 0, 0, 1, 0),
(65, 50, 4, 0, 0, 1, 0),
(65, 52, 4, 0, 0, 1, 0),
(65, 53, 1, 0, 0, 1, 0),
(65, 55, 4, 0, 0, 1, 0),
(66, 2, 2, 0, 0, 0, 0),
(66, 3, 3, 1, 0, 1, 0),
(66, 5, 3, 0, 0, 1, 0),
(66, 6, 2, 0, 0, 0, 0),
(66, 9, 2, 0, 0, 0, 0),
(66, 42, 2, 0, 0, 0, 0),
(66, 43, 2, 0, 0, 0, 0),
(66, 45, 3, 3, 1, 1, 0),
(66, 47, 3, 0, 0, 1, 0),
(66, 51, 2, 0, 0, 0, 0),
(66, 54, 3, 0, 0, 1, 0),
(66, 76, 3, 0, 0, 1, 0),
(66, 82, 3, 0, 1, 1, 0),
(67, 3, 3, 0, 0, 1, 0),
(67, 5, 3, 0, 0, 1, 0),
(67, 10, 4, 0, 0, 0, 0),
(67, 39, 4, 0, 0, 0, 0),
(67, 43, 4, 0, 0, 0, 0),
(67, 44, 4, 0, 0, 0, 0),
(67, 45, 3, 0, 0, 1, 0),
(67, 47, 3, 0, 0, 1, 0),
(67, 50, 4, 0, 0, 0, 0),
(67, 52, 4, 0, 0, 0, 0),
(67, 54, 3, 0, 0, 1, 0),
(67, 55, 4, 0, 0, 0, 0),
(67, 76, 3, 1, 0, 1, 0),
(67, 82, 3, 0, 0, 1, 0),
(68, 1, 1, 0, 0, 1, 0),
(68, 3, 3, 0, 0, 1, 0),
(68, 5, 3, 0, 0, 1, 0),
(68, 7, 1, 0, 0, 1, 0),
(68, 8, 1, 0, 0, 1, 0),
(68, 41, 1, 0, 0, 1, 0),
(68, 43, 1, 0, 0, 1, 0),
(68, 45, 3, 0, 0, 1, 0),
(68, 46, 1, 0, 0, 1, 0),
(68, 47, 3, 0, 0, 1, 0),
(68, 53, 1, 0, 0, 1, 0),
(68, 54, 3, 0, 0, 1, 0),
(68, 76, 3, 0, 0, 1, 0),
(68, 82, 3, 0, 0, 1, 0),
(69, 2, 2, 0, 0, 0, 0),
(69, 5, 2, 0, 0, 0, 0),
(69, 6, 2, 0, 0, 0, 0),
(69, 9, 2, 0, 0, 0, 0),
(69, 10, 4, 0, 0, 1, 0),
(69, 39, 4, 0, 0, 1, 0),
(69, 42, 2, 0, 0, 0, 0),
(69, 43, 4, 0, 0, 1, 0),
(69, 44, 4, 1, 0, 1, 0),
(69, 50, 4, 0, 1, 1, 0),
(69, 51, 2, 0, 0, 0, 0),
(69, 52, 4, 0, 0, 1, 0),
(69, 55, 4, 0, 0, 1, 0),
(70, 3, 3, 0, 0, 0, 0),
(70, 5, 3, 0, 0, 0, 0),
(70, 10, 4, 0, 0, 1, 0),
(70, 39, 4, 1, 0, 1, 0),
(70, 43, 4, 0, 0, 1, 0),
(70, 44, 4, 0, 1, 1, 0),
(70, 45, 3, 0, 0, 0, 0),
(70, 47, 3, 0, 0, 0, 0),
(70, 50, 4, 0, 0, 1, 0),
(70, 52, 4, 0, 0, 1, 0),
(70, 54, 3, 0, 0, 0, 0),
(70, 55, 4, 0, 0, 1, 0),
(70, 76, 3, 0, 0, 0, 0),
(70, 82, 3, 0, 0, 0, 0),
(71, 1, 1, 0, 0, 0, 0),
(71, 5, 1, 0, 0, 0, 0),
(71, 7, 1, 1, 0, 0, 0),
(71, 8, 1, 0, 0, 0, 0),
(71, 10, 4, 1, 0, 0, 0),
(71, 39, 4, 0, 0, 0, 0),
(71, 41, 1, 0, 0, 0, 0),
(71, 43, 4, 0, 0, 0, 0),
(71, 44, 4, 0, 1, 0, 0),
(71, 46, 1, 0, 1, 0, 0),
(71, 50, 4, 0, 0, 0, 0),
(71, 52, 4, 0, 0, 0, 0),
(71, 53, 1, 0, 0, 0, 0),
(71, 55, 4, 0, 0, 0, 0),
(72, 2, 2, 1, 0, 1, 0),
(72, 3, 3, 0, 0, 0, 0),
(72, 5, 2, 0, 0, 1, 0),
(72, 6, 2, 0, 1, 1, 0),
(72, 9, 2, 0, 0, 1, 0),
(72, 42, 2, 0, 0, 1, 0),
(72, 43, 3, 0, 0, 0, 0),
(72, 45, 3, 0, 0, 0, 0),
(72, 47, 3, 0, 0, 0, 0),
(72, 51, 2, 0, 0, 1, 0),
(72, 54, 3, 0, 0, 0, 0),
(72, 76, 3, 0, 0, 0, 0),
(72, 82, 3, 0, 0, 0, 0),
(73, 1, 1, 2, 0, 0, 0),
(73, 2, 2, 0, 0, 0, 0),
(73, 5, 2, 0, 0, 0, 0),
(73, 6, 2, 0, 0, 0, 0),
(73, 7, 1, 0, 1, 0, 0),
(73, 8, 1, 0, 0, 0, 0),
(73, 9, 2, 0, 0, 0, 0),
(73, 41, 1, 0, 0, 0, 0),
(73, 42, 2, 1, 0, 0, 0),
(73, 43, 1, 0, 0, 0, 0),
(73, 46, 1, 0, 0, 0, 0),
(73, 51, 2, 0, 0, 0, 0),
(73, 53, 1, 0, 1, 0, 0),
(74, 1, 1, 0, 1, 0, 0),
(74, 5, 4, 0, 0, 0, 0),
(74, 7, 1, 0, 0, 0, 0),
(74, 8, 1, 0, 0, 0, 0),
(74, 10, 4, 1, 0, 0, 0),
(74, 39, 4, 0, 0, 0, 0),
(74, 41, 1, 1, 0, 0, 0),
(74, 43, 1, 0, 0, 0, 0),
(74, 44, 4, 0, 0, 0, 0),
(74, 46, 1, 1, 0, 0, 0),
(74, 50, 4, 0, 0, 0, 0),
(74, 52, 4, 0, 0, 0, 0),
(74, 53, 1, 0, 0, 0, 0),
(74, 55, 4, 0, 0, 0, 0),
(75, 1, 1, 0, 0, 1, 0),
(75, 3, 3, 0, 0, 1, 0),
(75, 5, 3, 0, 0, 1, 0),
(75, 7, 1, 0, 0, 1, 0),
(75, 8, 1, 0, 0, 1, 0),
(75, 11, 1, 0, 0, 1, 0),
(75, 40, 3, 0, 0, 1, 0),
(75, 41, 1, 0, 0, 1, 0),
(75, 43, 1, 0, 0, 1, 0),
(75, 46, 1, 0, 0, 1, 0),
(75, 47, 3, 0, 0, 1, 0),
(75, 54, 3, 0, 0, 1, 0),
(75, 76, 3, 0, 0, 1, 0),
(75, 82, 3, 0, 0, 1, 0),
(76, 2, 2, 0, 0, 0, 0),
(76, 9, 2, 0, 0, 0, 0),
(76, 10, 4, 0, 2, 1, 0),
(76, 11, 2, 0, 0, 0, 0),
(76, 39, 4, 1, 0, 1, 0),
(76, 42, 2, 0, 0, 0, 0),
(76, 44, 4, 3, 0, 1, 0),
(76, 50, 4, 0, 0, 1, 0),
(76, 51, 2, 0, 0, 0, 0),
(76, 52, 4, 0, 1, 1, 0),
(76, 55, 4, 0, 0, 1, 0),
(76, 77, 4, 0, 0, 1, 0),
(76, 78, 2, 0, 0, 0, 0),
(77, 1, 1, 0, 0, 0, 0),
(77, 5, 1, 0, 0, 0, 0),
(77, 7, 1, 2, 0, 0, 0),
(77, 8, 1, 0, 1, 0, 0),
(77, 10, 4, 0, 0, 0, 0),
(77, 39, 4, 0, 0, 0, 0),
(77, 41, 1, 0, 1, 0, 0),
(77, 43, 1, 0, 0, 0, 0),
(77, 44, 4, 0, 0, 0, 0),
(77, 46, 1, 1, 1, 0, 0),
(77, 50, 4, 0, 0, 0, 0),
(77, 52, 4, 0, 0, 0, 0),
(77, 55, 4, 1, 0, 0, 0),
(77, 77, 4, 0, 0, 0, 0),
(78, 1, 1, 1, 0, 1, 0),
(78, 3, 3, 0, 0, 0, 0),
(78, 5, 1, 0, 0, 1, 0),
(78, 7, 1, 0, 0, 1, 0),
(78, 8, 1, 0, 0, 1, 0),
(78, 11, 3, 0, 0, 0, 0),
(78, 40, 3, 0, 0, 0, 0),
(78, 41, 1, 0, 0, 1, 0),
(78, 43, 1, 0, 0, 1, 0),
(78, 46, 1, 0, 0, 1, 0),
(78, 47, 3, 0, 0, 0, 0),
(78, 54, 3, 0, 0, 0, 0),
(78, 76, 3, 0, 0, 0, 0),
(78, 82, 3, 0, 0, 0, 0),
(79, 1, 1, 0, 0, 1, 0),
(79, 2, 2, 0, 0, 1, 0),
(79, 5, 1, 0, 0, 1, 0),
(79, 7, 1, 0, 0, 1, 0),
(79, 8, 1, 0, 0, 1, 0),
(79, 9, 2, 0, 0, 1, 0),
(79, 41, 1, 0, 0, 1, 0),
(79, 42, 2, 0, 0, 1, 0),
(79, 43, 1, 0, 0, 1, 0),
(79, 46, 1, 0, 0, 1, 0),
(79, 51, 2, 0, 0, 1, 0),
(79, 77, 2, 0, 0, 1, 0),
(79, 78, 2, 0, 0, 1, 0),
(80, 3, 3, 2, 0, 0, 0),
(80, 10, 4, 0, 0, 0, 0),
(80, 11, 3, 0, 0, 0, 0),
(80, 39, 4, 0, 0, 0, 0),
(80, 40, 3, 0, 2, 0, 0),
(80, 44, 4, 0, 0, 0, 0),
(80, 47, 3, 1, 1, 0, 0),
(80, 50, 4, 0, 0, 0, 0),
(80, 52, 4, 0, 0, 0, 0),
(80, 54, 3, 0, 0, 0, 0),
(80, 55, 4, 1, 0, 0, 0),
(80, 76, 3, 1, 0, 0, 0),
(80, 77, 4, 0, 0, 0, 0),
(80, 82, 3, 0, 0, 0, 0),
(81, 1, 1, 0, 0, 1, 0),
(81, 3, 3, 0, 0, 0, 0),
(81, 7, 1, 0, 0, 1, 0),
(81, 8, 1, 1, 0, 1, 0),
(81, 11, 3, 0, 0, 0, 0),
(81, 40, 3, 0, 0, 0, 0),
(81, 41, 1, 0, 0, 1, 0),
(81, 43, 1, 0, 0, 1, 0),
(81, 45, 3, 0, 0, 0, 0),
(81, 46, 1, 0, 0, 1, 0),
(81, 47, 3, 0, 0, 0, 0),
(81, 54, 3, 0, 0, 0, 0),
(81, 76, 3, 0, 0, 0, 0),
(81, 77, 1, 0, 0, 1, 0),
(82, 1, 1, 0, 0, 1, 0),
(82, 2, 2, 0, 0, 1, 0),
(82, 7, 1, 0, 0, 1, 0),
(82, 8, 1, 0, 0, 1, 0),
(82, 9, 2, 0, 0, 1, 0),
(82, 11, 2, 0, 0, 1, 0),
(82, 41, 1, 0, 0, 1, 0),
(82, 42, 2, 0, 0, 1, 0),
(82, 43, 1, 0, 0, 1, 0),
(82, 46, 1, 0, 0, 1, 0),
(82, 51, 2, 0, 0, 1, 0),
(82, 77, 1, 0, 0, 1, 0),
(82, 78, 2, 0, 0, 1, 0),
(83, 3, 3, 0, 0, 1, 0),
(83, 10, 4, 0, 0, 1, 0),
(83, 11, 3, 0, 0, 1, 0),
(83, 39, 4, 0, 0, 1, 0),
(83, 40, 3, 0, 0, 1, 0),
(83, 44, 4, 0, 0, 1, 0),
(83, 45, 3, 0, 0, 1, 0),
(83, 47, 3, 0, 0, 1, 0),
(83, 50, 4, 0, 0, 1, 0),
(83, 52, 4, 0, 0, 1, 0),
(83, 54, 3, 0, 0, 1, 0),
(83, 55, 4, 0, 0, 1, 0),
(83, 76, 3, 0, 0, 1, 0),
(83, 77, 4, 0, 0, 1, 0),
(84, 1, 1, 0, 0, 0, 0),
(84, 2, 2, 0, 0, 1, 0),
(84, 7, 1, 0, 0, 0, 0),
(84, 8, 1, 0, 0, 0, 0),
(84, 9, 2, 0, 1, 1, 0),
(84, 11, 2, 0, 0, 1, 0),
(84, 41, 1, 0, 0, 0, 0),
(84, 42, 2, 1, 0, 1, 0),
(84, 43, 1, 0, 0, 0, 0),
(84, 46, 1, 0, 0, 0, 0),
(84, 51, 2, 0, 0, 1, 0),
(84, 77, 1, 0, 0, 0, 0),
(84, 78, 2, 0, 0, 1, 0),
(85, 2, 2, 0, 0, 0, 0),
(85, 9, 2, 0, 0, 0, 0),
(85, 10, 4, 0, 0, 0, 0),
(85, 11, 2, 0, 0, 0, 0),
(85, 39, 4, 0, 0, 0, 0),
(85, 42, 2, 0, 1, 0, 0),
(85, 44, 4, 0, 0, 0, 0),
(85, 50, 4, 0, 0, 0, 0),
(85, 51, 2, 0, 0, 0, 0),
(85, 52, 4, 0, 0, 0, 0),
(85, 55, 4, 1, 0, 0, 0),
(85, 77, 4, 0, 0, 0, 0),
(85, 78, 2, 0, 1, 0, 0),
(86, 2, 2, 1, 0, 0, 0),
(86, 3, 3, 0, 0, 0, 0),
(86, 9, 2, 0, 0, 0, 0),
(86, 11, 2, 0, 0, 0, 0),
(86, 40, 3, 1, 0, 0, 0),
(86, 42, 2, 0, 0, 0, 0),
(86, 45, 3, 1, 1, 0, 0),
(86, 47, 3, 0, 0, 0, 0),
(86, 51, 2, 0, 0, 0, 0),
(86, 54, 3, 0, 0, 0, 0),
(86, 76, 3, 0, 0, 0, 0),
(86, 77, 3, 0, 0, 0, 0),
(86, 78, 2, 0, 0, 0, 0),
(89, 1, 1, 0, 0, 0, 0),
(89, 3, 3, 0, 0, 0, 0),
(89, 5, 3, 1, 0, 0, 0),
(89, 7, 1, 0, 1, 0, 0),
(89, 8, 1, 1, 0, 0, 0),
(89, 11, 1, 0, 0, 0, 0),
(89, 41, 1, 0, 0, 0, 0),
(89, 45, 3, 0, 1, 0, 0),
(89, 46, 1, 0, 0, 0, 0),
(89, 47, 3, 2, 0, 0, 0),
(89, 49, 1, 0, 0, 0, 0),
(89, 54, 3, 0, 1, 0, 0),
(89, 76, 3, 0, 1, 0, 0),
(89, 77, 3, 0, 0, 0, 0),
(90, 3, 3, 0, 0, 1, 0),
(90, 5, 3, 0, 0, 1, 0),
(90, 10, 4, 0, 0, 1, 0),
(90, 11, 4, 0, 0, 1, 0),
(90, 39, 4, 0, 0, 1, 0),
(90, 44, 4, 0, 0, 1, 0),
(90, 45, 3, 0, 0, 1, 0),
(90, 47, 3, 0, 0, 1, 0),
(90, 50, 4, 0, 0, 1, 0),
(90, 52, 4, 0, 0, 1, 0),
(90, 54, 3, 0, 0, 1, 0),
(90, 55, 4, 0, 0, 1, 0),
(90, 76, 3, 0, 0, 1, 0),
(90, 77, 3, 0, 0, 1, 0),
(91, 1, 1, 0, 0, 0, 0),
(91, 2, 2, 0, 0, 0, 0),
(91, 6, 2, 0, 0, 0, 0),
(91, 7, 1, 0, 0, 0, 0),
(91, 8, 1, 0, 0, 0, 0),
(91, 9, 2, 0, 0, 0, 0),
(91, 11, 1, 0, 0, 0, 0),
(91, 41, 1, 0, 1, 0, 0),
(91, 42, 2, 0, 0, 0, 0),
(91, 43, 2, 0, 0, 0, 0),
(91, 46, 1, 0, 1, 0, 0),
(91, 49, 1, 2, 0, 0, 0),
(91, 51, 2, 1, 0, 0, 0),
(91, 77, 2, 0, 0, 0, 0),
(92, 1, 1, 0, 0, 1, 0),
(92, 7, 1, 0, 0, 1, 0),
(92, 8, 1, 0, 0, 1, 0),
(92, 10, 4, 0, 0, 1, 0),
(92, 11, 1, 0, 0, 1, 0),
(92, 39, 4, 0, 0, 1, 0),
(92, 41, 1, 0, 0, 1, 0),
(92, 44, 4, 0, 0, 1, 0),
(92, 46, 1, 0, 0, 1, 0),
(92, 49, 1, 0, 0, 1, 0),
(92, 50, 4, 0, 0, 1, 0),
(92, 52, 4, 0, 0, 1, 0),
(92, 55, 4, 0, 0, 1, 0),
(92, 77, 4, 0, 0, 1, 0),
(93, 2, 2, 0, 0, 0, 0),
(93, 3, 3, 0, 0, 1, 0),
(93, 5, 3, 0, 0, 1, 0),
(93, 6, 2, 0, 0, 0, 0),
(93, 9, 2, 0, 0, 0, 0),
(93, 11, 3, 0, 0, 1, 0),
(93, 42, 2, 0, 0, 0, 0),
(93, 43, 2, 0, 0, 0, 0),
(93, 45, 3, 2, 0, 1, 0),
(93, 47, 3, 0, 2, 1, 0),
(93, 51, 2, 0, 0, 0, 0),
(93, 54, 3, 0, 0, 1, 0),
(93, 76, 3, 0, 0, 1, 0),
(93, 77, 2, 0, 0, 0, 0),
(94, 3, 3, 0, 1, 0, 0),
(94, 5, 3, 0, 0, 0, 0),
(94, 10, 4, 1, 1, 0, 0),
(94, 11, 3, 0, 0, 0, 0),
(94, 39, 4, 0, 0, 0, 0),
(94, 44, 4, 1, 0, 0, 0),
(94, 45, 3, 0, 0, 0, 0),
(94, 47, 3, 2, 0, 0, 0),
(94, 50, 4, 0, 0, 0, 0),
(94, 52, 4, 0, 0, 0, 0),
(94, 54, 3, 0, 0, 0, 0),
(94, 55, 4, 0, 0, 0, 0),
(94, 76, 3, 0, 0, 0, 0),
(94, 77, 4, 0, 0, 0, 0),
(95, 1, 1, 0, 0, 1, 0),
(95, 2, 2, 0, 0, 0, 0),
(95, 6, 2, 0, 0, 0, 0),
(95, 7, 1, 0, 0, 1, 0),
(95, 8, 1, 0, 0, 1, 0),
(95, 9, 2, 0, 0, 0, 0),
(95, 11, 2, 0, 0, 0, 0),
(95, 41, 1, 0, 0, 1, 0),
(95, 42, 2, 0, 0, 0, 0),
(95, 43, 2, 0, 0, 0, 0),
(95, 46, 1, 2, 0, 1, 0),
(95, 49, 1, 0, 0, 1, 0),
(95, 51, 2, 0, 0, 0, 0),
(95, 77, 1, 0, 0, 1, 0),
(96, 1, 1, 0, 0, 0, 0),
(96, 3, 3, 0, 0, 1, 0),
(96, 5, 3, 0, 0, 1, 0),
(96, 7, 1, 0, 0, 0, 0),
(96, 8, 1, 0, 0, 0, 0),
(96, 11, 3, 0, 0, 1, 0),
(96, 41, 1, 0, 0, 0, 0),
(96, 45, 3, 0, 0, 1, 0),
(96, 46, 1, 0, 0, 0, 0),
(96, 47, 3, 0, 1, 1, 0),
(96, 49, 1, 0, 0, 0, 0),
(96, 54, 3, 0, 0, 1, 0),
(96, 76, 3, 1, 0, 1, 0),
(96, 77, 1, 0, 0, 0, 0),
(97, 3, 3, 0, 0, 1, 0),
(97, 5, 3, 0, 0, 1, 0),
(97, 10, 4, 0, 0, 0, 0),
(97, 11, 3, 0, 0, 1, 0),
(97, 39, 4, 0, 0, 0, 0),
(97, 44, 4, 0, 0, 0, 0),
(97, 45, 3, 0, 0, 1, 0),
(97, 47, 3, 0, 1, 1, 0),
(97, 50, 4, 0, 0, 0, 0),
(97, 52, 4, 0, 0, 0, 0),
(97, 54, 3, 0, 0, 1, 0),
(97, 55, 4, 0, 0, 0, 0),
(97, 76, 3, 1, 0, 1, 0),
(97, 77, 4, 0, 0, 0, 0),
(98, 2, 2, 0, 0, 0, 0),
(98, 3, 3, 0, 0, 1, 0),
(98, 5, 3, 0, 0, 1, 0),
(98, 6, 2, 0, 0, 0, 0),
(98, 9, 2, 0, 0, 0, 0),
(98, 11, 3, 0, 0, 1, 0),
(98, 42, 2, 0, 0, 0, 0),
(98, 43, 2, 0, 0, 0, 0),
(98, 45, 3, 0, 0, 1, 0),
(98, 47, 3, 0, 1, 1, 0),
(98, 51, 2, 0, 0, 0, 0),
(98, 54, 3, 0, 0, 1, 0),
(98, 76, 3, 1, 0, 1, 0),
(98, 77, 2, 0, 0, 0, 0),
(99, 1, 1, 0, 0, 1, 0),
(99, 3, 3, 0, 0, 0, 0),
(99, 5, 3, 0, 0, 0, 0),
(99, 7, 1, 0, 0, 1, 0),
(99, 8, 1, 0, 0, 1, 0),
(99, 11, 3, 0, 0, 0, 0),
(99, 41, 1, 0, 0, 1, 0),
(99, 45, 3, 0, 0, 0, 0),
(99, 46, 1, 2, 0, 1, 0),
(99, 47, 3, 0, 0, 0, 0),
(99, 49, 1, 0, 0, 1, 0),
(99, 54, 3, 0, 0, 0, 0),
(99, 76, 3, 0, 0, 0, 0),
(99, 77, 1, 0, 0, 1, 0),
(100, 1, 1, 0, 0, 1, 0),
(100, 7, 1, 0, 0, 1, 0),
(100, 8, 1, 0, 0, 1, 0),
(100, 10, 4, 0, 0, 0, 0),
(100, 11, 4, 0, 0, 0, 0),
(100, 39, 4, 0, 0, 0, 0),
(100, 41, 1, 0, 0, 1, 0),
(100, 44, 4, 0, 0, 0, 0),
(100, 46, 1, 2, 0, 1, 0),
(100, 49, 1, 0, 0, 1, 0),
(100, 50, 4, 0, 0, 0, 0),
(100, 52, 4, 0, 0, 0, 0),
(100, 55, 4, 0, 0, 0, 0),
(100, 77, 1, 0, 0, 1, 0),
(102, 3, 2, 0, 0, 1, 0),
(102, 8, 1, 0, 0, 1, 0),
(102, 11, 2, 0, 0, 1, 0),
(102, 39, 2, 0, 0, 1, 0),
(102, 42, 2, 0, 0, 1, 0),
(102, 44, 1, 0, 0, 1, 0),
(102, 45, 2, 0, 0, 1, 0),
(102, 54, 1, 0, 0, 1, 0),
(102, 55, 1, 0, 0, 1, 0),
(102, 76, 1, 0, 0, 1, 0),
(102, 77, 1, 0, 0, 1, 0),
(102, 78, 2, 0, 0, 1, 0),
(102, 81, 1, 0, 0, 1, 0),
(102, 84, 2, 0, 0, 1, 0),
(103, 1, 5, 0, 0, 1, 0),
(103, 2, 5, 0, 0, 1, 0),
(103, 5, 5, 0, 0, 1, 0),
(103, 7, 5, 0, 0, 1, 0),
(103, 9, 6, 0, 0, 0, 0),
(103, 11, 5, 0, 0, 1, 0),
(103, 41, 6, 0, 0, 0, 0),
(103, 48, 6, 0, 0, 0, 0),
(103, 50, 5, 1, 0, 1, 0),
(103, 51, 6, 0, 0, 0, 0),
(103, 52, 6, 0, 0, 0, 0),
(103, 53, 6, 0, 0, 0, 0),
(103, 77, 6, 0, 0, 0, 0),
(103, 85, 5, 0, 0, 1, 0),
(104, 1, 5, 0, 0, 0, 0),
(104, 2, 5, 0, 0, 0, 0),
(104, 3, 2, 1, 0, 0, 0),
(104, 5, 5, 0, 1, 0, 0),
(104, 7, 5, 1, 0, 0, 0),
(104, 11, 5, 0, 0, 0, 0),
(104, 39, 2, 0, 1, 0, 0),
(104, 42, 2, 0, 0, 0, 0),
(104, 45, 2, 0, 0, 0, 0),
(104, 50, 5, 0, 0, 0, 0),
(104, 77, 2, 0, 0, 0, 0),
(104, 78, 2, 0, 0, 0, 0),
(104, 84, 2, 0, 0, 0, 0),
(104, 85, 5, 0, 0, 0, 0),
(105, 8, 1, 0, 0, 0, 0),
(105, 9, 6, 0, 0, 1, 0),
(105, 11, 6, 0, 0, 1, 0),
(105, 41, 6, 0, 0, 1, 0),
(105, 44, 1, 0, 0, 0, 0),
(105, 48, 6, 1, 0, 1, 0),
(105, 51, 6, 0, 1, 1, 0),
(105, 52, 6, 0, 0, 1, 0),
(105, 53, 6, 1, 0, 1, 0),
(105, 54, 1, 0, 0, 0, 0),
(105, 55, 1, 0, 0, 0, 0),
(105, 76, 1, 0, 0, 0, 0),
(105, 77, 1, 0, 0, 0, 0),
(105, 81, 1, 0, 0, 0, 0),
(106, 1, 5, 0, 0, 0, 0),
(106, 2, 5, 0, 0, 0, 0),
(106, 5, 5, 0, 0, 0, 0),
(106, 7, 5, 0, 0, 0, 0),
(106, 9, 6, 0, 0, 1, 0),
(106, 11, 6, 0, 0, 1, 0),
(106, 41, 6, 0, 1, 1, 0),
(106, 48, 6, 2, 0, 1, 0),
(106, 50, 5, 0, 0, 0, 0),
(106, 51, 6, 1, 0, 1, 0),
(106, 52, 6, 0, 1, 1, 0),
(106, 53, 6, 0, 0, 1, 0),
(106, 77, 5, 0, 0, 0, 0),
(106, 85, 5, 0, 0, 0, 0),
(107, 3, 2, 1, 0, 0, 0),
(107, 9, 6, 0, 1, 0, 0),
(107, 11, 6, 0, 0, 0, 0),
(107, 39, 2, 0, 0, 0, 0),
(107, 41, 6, 0, 0, 0, 0),
(107, 42, 2, 0, 0, 0, 0),
(107, 45, 2, 1, 0, 0, 0),
(107, 48, 6, 0, 0, 0, 0),
(107, 51, 6, 0, 0, 0, 0),
(107, 52, 6, 1, 0, 0, 0),
(107, 53, 6, 0, 0, 0, 0),
(107, 77, 2, 0, 0, 0, 0),
(107, 78, 2, 0, 0, 0, 0),
(107, 84, 2, 0, 1, 0, 0),
(108, 3, 2, 1, 0, 0, 0),
(108, 8, 1, 0, 1, 0, 0),
(108, 11, 1, 0, 0, 0, 0),
(108, 39, 2, 0, 0, 0, 0),
(108, 42, 2, 0, 0, 0, 0),
(108, 44, 1, 1, 1, 0, 0),
(108, 45, 2, 0, 1, 0, 0),
(108, 54, 1, 0, 0, 0, 0),
(108, 55, 1, 1, 0, 0, 0),
(108, 76, 1, 0, 0, 0, 0),
(108, 77, 2, 0, 0, 0, 0),
(108, 78, 2, 0, 0, 0, 0),
(108, 81, 1, 0, 0, 0, 0),
(108, 84, 2, 0, 0, 0, 0),
(109, 1, 5, 0, 0, 1, 0),
(109, 2, 5, 0, 0, 1, 0),
(109, 5, 5, 0, 0, 1, 0),
(109, 7, 5, 0, 0, 1, 0),
(109, 8, 1, 0, 0, 1, 0),
(109, 11, 1, 0, 0, 1, 0),
(109, 44, 1, 0, 0, 1, 0),
(109, 50, 5, 0, 0, 1, 0),
(109, 54, 1, 0, 0, 1, 0),
(109, 55, 1, 0, 0, 1, 0),
(109, 76, 1, 0, 0, 1, 0),
(109, 77, 5, 0, 0, 1, 0),
(109, 81, 1, 0, 0, 1, 0),
(109, 85, 5, 0, 0, 1, 0),
(110, 3, 2, 0, 0, 0, 0),
(110, 9, 6, 0, 0, 0, 0),
(110, 11, 2, 0, 0, 0, 0),
(110, 39, 2, 0, 0, 0, 0),
(110, 41, 6, 0, 0, 0, 0),
(110, 42, 2, 0, 0, 0, 0),
(110, 45, 2, 1, 0, 0, 0),
(110, 48, 6, 1, 0, 0, 0),
(110, 51, 6, 1, 1, 0, 0),
(110, 52, 6, 0, 0, 0, 0),
(110, 53, 6, 0, 0, 0, 0),
(110, 77, 6, 0, 0, 0, 0),
(110, 78, 2, 0, 0, 0, 0),
(110, 84, 2, 0, 0, 0, 0),
(111, 8, 1, 0, 0, 0, 0),
(111, 9, 6, 0, 0, 0, 0),
(111, 11, 1, 0, 0, 0, 0),
(111, 41, 6, 0, 0, 0, 0),
(111, 44, 1, 1, 0, 0, 0),
(111, 48, 6, 0, 1, 0, 0),
(111, 51, 6, 0, 0, 0, 0),
(111, 52, 6, 1, 0, 0, 0),
(111, 53, 6, 0, 0, 0, 0),
(111, 54, 1, 0, 0, 0, 0),
(111, 55, 1, 0, 0, 0, 0),
(111, 76, 1, 0, 1, 0, 0),
(111, 77, 6, 0, 0, 0, 0),
(111, 81, 1, 0, 0, 0, 0),
(112, 1, 5, 0, 0, 0, 0),
(112, 2, 5, 0, 0, 0, 0),
(112, 3, 2, 0, 0, 0, 0),
(112, 5, 5, 0, 0, 0, 0),
(112, 7, 5, 0, 1, 0, 0),
(112, 11, 2, 0, 0, 0, 0),
(112, 39, 2, 0, 0, 0, 0),
(112, 42, 2, 0, 0, 0, 0),
(112, 45, 2, 1, 0, 0, 0),
(112, 50, 5, 1, 0, 0, 0),
(112, 77, 5, 0, 0, 0, 0),
(112, 78, 2, 0, 0, 0, 0),
(112, 84, 2, 0, 0, 0, 0),
(112, 85, 5, 0, 0, 0, 0),
(116, 8, 1, 0, 0, 0, 0),
(116, 9, 6, 0, 0, 0, 0),
(116, 11, 1, 0, 0, 0, 0),
(116, 41, 6, 0, 0, 0, 0),
(116, 44, 1, 1, 0, 0, 0),
(116, 48, 6, 1, 1, 0, 0),
(116, 51, 6, 0, 1, 0, 0),
(116, 52, 6, 0, 0, 0, 0),
(116, 53, 6, 2, 1, 0, 0),
(116, 54, 1, 0, 1, 0, 0),
(116, 55, 1, 0, 0, 0, 0),
(116, 76, 1, 0, 0, 0, 0),
(116, 77, 6, 0, 0, 0, 0),
(116, 81, 1, 1, 0, 0, 0),
(117, 3, 2, 0, 0, 0, 0),
(117, 5, 1, 0, 0, 1, 0),
(117, 8, 1, 0, 0, 1, 0),
(117, 10, 2, 0, 0, 0, 0),
(117, 39, 2, 0, 0, 0, 0),
(117, 42, 2, 0, 0, 0, 0),
(117, 44, 1, 0, 0, 1, 0),
(117, 45, 2, 0, 0, 0, 0),
(117, 46, 1, 1, 1, 1, 0),
(117, 54, 1, 0, 1, 1, 0),
(117, 76, 1, 1, 0, 1, 0),
(117, 77, 2, 0, 0, 0, 0),
(117, 84, 1, 0, 0, 1, 0),
(117, 86, 2, 0, 0, 0, 0),
(118, 1, 5, 0, 1, 1, 0),
(118, 2, 5, 0, 0, 1, 0),
(118, 3, 2, 0, 0, 0, 0),
(118, 5, 5, 0, 0, 1, 0),
(118, 7, 5, 1, 0, 1, 0),
(118, 10, 2, 0, 0, 0, 0),
(118, 11, 2, 0, 0, 0, 0),
(118, 39, 2, 0, 0, 0, 0),
(118, 42, 2, 0, 0, 0, 0),
(118, 45, 2, 0, 0, 0, 0),
(118, 50, 5, 0, 0, 1, 0),
(118, 78, 5, 1, 0, 1, 0),
(118, 81, 5, 0, 0, 1, 0),
(118, 86, 2, 0, 0, 0, 0),
(119, 5, 6, 0, 0, 0, 0),
(119, 8, 1, 0, 0, 1, 0),
(119, 9, 6, 0, 0, 0, 0),
(119, 40, 6, 0, 0, 0, 0),
(119, 41, 6, 0, 0, 0, 0),
(119, 44, 1, 0, 0, 1, 0),
(119, 46, 1, 1, 0, 1, 0),
(119, 48, 6, 0, 0, 0, 0),
(119, 51, 6, 0, 0, 0, 0),
(119, 53, 6, 0, 0, 0, 0),
(119, 54, 1, 0, 0, 1, 0),
(119, 76, 1, 0, 0, 1, 0),
(119, 77, 1, 0, 0, 1, 0),
(119, 84, 1, 0, 0, 1, 0),
(120, 1, 5, 0, 0, 1, 0),
(120, 2, 5, 0, 0, 1, 0),
(120, 5, 6, 0, 0, 0, 0),
(120, 7, 5, 1, 0, 1, 0),
(120, 9, 6, 0, 0, 0, 0),
(120, 40, 6, 0, 0, 0, 0),
(120, 41, 6, 0, 0, 0, 0),
(120, 48, 6, 0, 0, 0, 0),
(120, 50, 5, 0, 0, 1, 0),
(120, 51, 6, 0, 0, 0, 0),
(120, 53, 6, 0, 0, 0, 0),
(120, 77, 5, 0, 0, 1, 0),
(120, 78, 5, 1, 0, 1, 0),
(120, 81, 5, 0, 1, 1, 0),
(121, 1, 5, 0, 0, 0, 0),
(121, 2, 5, 0, 0, 0, 0),
(121, 3, 2, 0, 0, 0, 0),
(121, 5, 5, 0, 0, 0, 0),
(121, 7, 5, 0, 1, 0, 0),
(121, 10, 2, 0, 0, 0, 0),
(121, 11, 2, 0, 0, 0, 0),
(121, 39, 2, 0, 0, 0, 0),
(121, 42, 2, 1, 0, 0, 0),
(121, 45, 2, 0, 0, 0, 0),
(121, 50, 5, 0, 0, 0, 0),
(121, 78, 5, 0, 0, 0, 0),
(121, 81, 5, 1, 0, 0, 0),
(121, 86, 2, 0, 0, 0, 0),
(122, 5, 1, 0, 0, 1, 0),
(122, 8, 1, 0, 0, 1, 0),
(122, 9, 6, 0, 0, 1, 0),
(122, 40, 6, 0, 0, 1, 0),
(122, 41, 6, 0, 0, 1, 0),
(122, 44, 1, 0, 0, 1, 0),
(122, 46, 1, 0, 0, 1, 0),
(122, 48, 6, 0, 0, 1, 0),
(122, 51, 6, 0, 0, 1, 0),
(122, 53, 6, 0, 0, 1, 0),
(122, 54, 1, 0, 0, 1, 0),
(122, 76, 1, 0, 0, 1, 0),
(122, 77, 6, 0, 0, 1, 0),
(122, 84, 1, 0, 0, 1, 0),
(123, 3, 2, 0, 0, 0, 0),
(123, 5, 2, 0, 0, 0, 0),
(123, 8, 1, 0, 0, 0, 0),
(123, 10, 2, 2, 0, 0, 0),
(123, 39, 2, 0, 0, 0, 0),
(123, 42, 2, 0, 1, 0, 0),
(123, 44, 1, 1, 0, 0, 0),
(123, 45, 2, 1, 0, 0, 0),
(123, 46, 1, 0, 1, 0, 0),
(123, 54, 1, 0, 0, 0, 0),
(123, 76, 1, 0, 0, 0, 0),
(123, 77, 1, 0, 0, 0, 0),
(123, 84, 1, 0, 0, 0, 0),
(123, 86, 2, 0, 0, 0, 0),
(124, 3, 2, 0, 0, 0, 0),
(124, 5, 2, 0, 0, 0, 0),
(124, 9, 6, 0, 0, 1, 0),
(124, 10, 2, 0, 0, 0, 0),
(124, 39, 2, 0, 0, 0, 0),
(124, 40, 6, 0, 0, 1, 0),
(124, 41, 6, 0, 0, 1, 0),
(124, 42, 2, 0, 0, 0, 0),
(124, 45, 2, 0, 0, 0, 0),
(124, 48, 6, 1, 0, 1, 0),
(124, 51, 6, 0, 1, 1, 0),
(124, 53, 6, 0, 0, 1, 0),
(124, 77, 6, 0, 0, 1, 0),
(124, 86, 2, 0, 0, 0, 0),
(125, 1, 5, 0, 0, 0, 0),
(125, 2, 5, 0, 0, 0, 0),
(125, 7, 5, 0, 0, 0, 0),
(125, 9, 6, 0, 0, 0, 0),
(125, 11, 5, 0, 0, 0, 0),
(125, 40, 6, 0, 0, 0, 0),
(125, 41, 6, 0, 0, 0, 0),
(125, 48, 6, 0, 1, 0, 0),
(125, 50, 5, 0, 0, 0, 0),
(125, 51, 6, 1, 0, 0, 0),
(125, 53, 6, 0, 0, 0, 0),
(125, 77, 6, 0, 0, 0, 0),
(125, 78, 5, 0, 0, 0, 0),
(125, 81, 5, 1, 0, 0, 0),
(126, 1, 5, 0, 0, 0, 0),
(126, 2, 5, 0, 1, 0, 0),
(126, 5, 5, 0, 0, 0, 0),
(126, 7, 5, 1, 0, 0, 0),
(126, 8, 1, 0, 0, 0, 0),
(126, 44, 1, 0, 0, 0, 0),
(126, 46, 1, 1, 0, 0, 0),
(126, 50, 5, 1, 0, 0, 0),
(126, 54, 1, 0, 0, 0, 0),
(126, 76, 1, 0, 1, 0, 0),
(126, 77, 1, 0, 0, 0, 0),
(126, 78, 5, 0, 0, 0, 0),
(126, 81, 5, 0, 0, 0, 0),
(126, 84, 1, 0, 0, 0, 0),
(127, 3, 2, 0, 0, 0, 0),
(127, 5, 1, 0, 0, 0, 0),
(127, 8, 1, 0, 0, 0, 0),
(127, 10, 2, 0, 2, 0, 0),
(127, 39, 2, 0, 0, 0, 0),
(127, 42, 2, 0, 0, 0, 1),
(127, 44, 1, 0, 0, 0, 0),
(127, 45, 2, 2, 0, 0, 0),
(127, 46, 1, 1, 0, 0, 0),
(127, 54, 1, 0, 0, 0, 0),
(127, 76, 1, 0, 0, 0, 0),
(127, 77, 2, 0, 0, 0, 0),
(127, 84, 1, 1, 0, 0, 0),
(127, 86, 2, 0, 0, 0, 0),
(128, 1, 5, 1, 0, 0, 0),
(128, 2, 5, 0, 0, 0, 0),
(128, 3, 2, 0, 0, 0, 0),
(128, 5, 5, 0, 0, 0, 0),
(128, 7, 5, 0, 0, 0, 0),
(128, 10, 2, 0, 1, 0, 0),
(128, 39, 2, 0, 0, 0, 0),
(128, 42, 2, 0, 0, 0, 0),
(128, 45, 2, 1, 0, 0, 0),
(128, 50, 5, 0, 1, 0, 0),
(128, 77, 2, 0, 0, 0, 0),
(128, 78, 5, 1, 0, 0, 0),
(128, 81, 5, 0, 1, 0, 0),
(128, 86, 2, 0, 0, 0, 0),
(171, 2, 6, 0, 0, 0, 0),
(171, 3, 14, 0, 0, 0, 0),
(171, 5, 6, 0, 0, 0, 0),
(171, 6, 6, 0, 0, 0, 0),
(171, 10, 6, 0, 0, 0, 0),
(171, 12, 14, 0, 0, 0, 0),
(171, 44, 14, 0, 1, 0, 0),
(171, 46, 14, 0, 0, 0, 0),
(171, 48, 6, 1, 0, 0, 0),
(171, 51, 14, 0, 0, 0, 0),
(171, 52, 6, 0, 0, 0, 0),
(171, 55, 6, 0, 0, 0, 0),
(171, 77, 14, 0, 0, 0, 0),
(171, 127, 14, 1, 0, 0, 0),
(172, 1, 5, 0, 1, 1, 0),
(172, 5, 5, 0, 0, 1, 0),
(172, 8, 5, 0, 0, 1, 0),
(172, 9, 13, 0, 0, 0, 0),
(172, 40, 13, 0, 0, 0, 0),
(172, 41, 13, 0, 0, 0, 0),
(172, 42, 5, 1, 0, 1, 0),
(172, 45, 13, 0, 0, 0, 0),
(172, 50, 5, 0, 0, 1, 0),
(172, 54, 5, 0, 0, 1, 0),
(172, 76, 5, 1, 0, 1, 0),
(172, 77, 13, 0, 0, 0, 0),
(172, 79, 13, 0, 0, 0, 0),
(172, 81, 13, 0, 0, 0, 0),
(173, 1, 5, 0, 0, 1, 0),
(173, 2, 6, 0, 0, 0, 0),
(173, 5, 5, 0, 0, 1, 0),
(173, 6, 6, 0, 0, 0, 0),
(173, 8, 5, 0, 0, 1, 0),
(173, 10, 6, 0, 0, 0, 0),
(173, 42, 5, 0, 0, 1, 0),
(173, 48, 6, 0, 0, 0, 0),
(173, 50, 5, 1, 0, 1, 0),
(173, 52, 6, 0, 0, 0, 0),
(173, 54, 5, 0, 0, 1, 0),
(173, 55, 6, 0, 0, 0, 0),
(173, 76, 5, 0, 1, 1, 0),
(173, 77, 14, 0, 0, 0, 0),
(174, 1, 5, 0, 0, 1, 0),
(174, 2, 6, 0, 0, 1, 0),
(174, 5, 5, 0, 0, 1, 0),
(174, 6, 6, 0, 0, 1, 0),
(174, 8, 5, 0, 0, 1, 0),
(174, 10, 6, 0, 0, 1, 0),
(174, 42, 5, 0, 0, 1, 0),
(174, 48, 6, 0, 0, 1, 0),
(174, 50, 5, 0, 0, 1, 0),
(174, 52, 6, 0, 0, 1, 0),
(174, 54, 5, 0, 0, 1, 0),
(174, 55, 6, 0, 0, 1, 0),
(174, 76, 5, 0, 0, 1, 0),
(174, 77, 6, 0, 0, 1, 0),
(176, 3, 14, 0, 0, 1, 0),
(176, 5, 13, 0, 0, 1, 0),
(176, 9, 13, 0, 0, 1, 0),
(176, 12, 14, 0, 0, 1, 0),
(176, 40, 13, 0, 0, 1, 0),
(176, 41, 13, 0, 0, 1, 0),
(176, 44, 14, 0, 0, 1, 0),
(176, 45, 13, 0, 0, 1, 0),
(176, 46, 14, 0, 0, 1, 0),
(176, 51, 14, 0, 0, 1, 0),
(176, 77, 14, 0, 0, 1, 0),
(176, 79, 13, 0, 0, 1, 0),
(176, 81, 13, 0, 0, 1, 0),
(176, 127, 14, 0, 0, 1, 0),
(177, 1, 5, 0, 0, 1, 0),
(177, 2, 6, 0, 0, 0, 0),
(177, 5, 6, 0, 0, 0, 0),
(177, 6, 6, 0, 0, 0, 0),
(177, 8, 5, 0, 0, 1, 0),
(177, 10, 6, 0, 0, 0, 0),
(177, 42, 5, 0, 0, 1, 0),
(177, 48, 6, 0, 0, 0, 0),
(177, 50, 5, 3, 0, 1, 0),
(177, 52, 6, 0, 0, 0, 0),
(177, 54, 5, 0, 0, 1, 0),
(177, 55, 6, 0, 0, 0, 0),
(177, 76, 5, 0, 1, 1, 0),
(177, 77, 5, 0, 0, 1, 0),
(178, 1, 5, 0, 0, 0, 0),
(178, 3, 14, 0, 0, 1, 0),
(178, 5, 14, 0, 0, 1, 0),
(178, 8, 5, 0, 0, 0, 0),
(178, 12, 14, 0, 1, 1, 0),
(178, 42, 5, 0, 0, 0, 0),
(178, 44, 14, 1, 1, 1, 0),
(178, 46, 14, 1, 0, 1, 0),
(178, 50, 5, 0, 0, 0, 0),
(178, 51, 14, 0, 0, 1, 0),
(178, 54, 5, 0, 0, 0, 0),
(178, 76, 5, 0, 0, 0, 0),
(178, 77, 5, 0, 0, 0, 0),
(178, 127, 14, 0, 0, 1, 0),
(179, 3, 14, 0, 0, 0, 0),
(179, 5, 14, 0, 0, 0, 0),
(179, 9, 13, 0, 0, 0, 0),
(179, 12, 14, 0, 0, 0, 0),
(179, 40, 13, 0, 1, 0, 0),
(179, 41, 13, 0, 0, 0, 0),
(179, 44, 14, 0, 0, 0, 0),
(179, 45, 13, 1, 0, 0, 0),
(179, 46, 14, 1, 0, 0, 0),
(179, 51, 14, 0, 0, 0, 0),
(179, 77, 13, 0, 0, 0, 0),
(179, 79, 13, 1, 1, 0, 0),
(179, 81, 13, 0, 0, 0, 0),
(179, 127, 14, 0, 0, 0, 0),
(180, 2, 6, 0, 0, 1, 0),
(180, 5, 6, 0, 0, 1, 0),
(180, 6, 6, 0, 0, 1, 0),
(180, 9, 13, 0, 0, 1, 0),
(180, 10, 6, 0, 0, 1, 0),
(180, 40, 13, 0, 0, 1, 0),
(180, 41, 13, 0, 0, 1, 0),
(180, 45, 13, 0, 0, 1, 0),
(180, 48, 6, 0, 0, 1, 0),
(180, 52, 6, 0, 0, 1, 0),
(180, 55, 6, 0, 0, 1, 0),
(180, 77, 13, 0, 0, 1, 0),
(180, 79, 13, 0, 0, 1, 0),
(180, 81, 13, 0, 0, 1, 0),
(181, 1, 5, 0, 1, 0, 0),
(181, 3, 14, 0, 0, 0, 0),
(181, 5, 5, 0, 0, 0, 0),
(181, 8, 5, 0, 0, 0, 0),
(181, 12, 14, 0, 0, 0, 0),
(181, 42, 5, 0, 0, 0, 0),
(181, 44, 14, 1, 0, 0, 0),
(181, 46, 14, 0, 0, 0, 0),
(181, 50, 5, 2, 0, 0, 0),
(181, 51, 14, 0, 1, 0, 0),
(181, 54, 5, 0, 0, 0, 0),
(181, 76, 5, 1, 0, 0, 0),
(181, 77, 14, 0, 0, 0, 0),
(181, 127, 14, 0, 0, 0, 0),
(183, 1, 5, 0, 0, 1, 0),
(183, 2, 6, 0, 0, 1, 0),
(183, 8, 5, 0, 0, 1, 0),
(183, 10, 6, 0, 0, 1, 0),
(183, 42, 5, 0, 0, 1, 0),
(183, 50, 5, 0, 0, 1, 0),
(183, 52, 6, 0, 0, 1, 0),
(183, 54, 5, 0, 0, 1, 0),
(183, 55, 6, 0, 0, 1, 0),
(183, 76, 5, 0, 0, 1, 0),
(183, 77, 6, 0, 0, 1, 0),
(183, 78, 6, 0, 0, 1, 0),
(183, 121, 6, 0, 0, 1, 0),
(183, 128, 5, 0, 0, 1, 0),
(185, 3, 14, 0, 0, 0, 0),
(185, 5, 14, 0, 0, 0, 0),
(185, 7, 13, 0, 0, 0, 0),
(185, 9, 13, 0, 0, 0, 0),
(185, 12, 14, 0, 0, 0, 0),
(185, 40, 13, 0, 0, 0, 0),
(185, 44, 14, 1, 0, 0, 0),
(185, 45, 13, 0, 0, 0, 0),
(185, 46, 14, 0, 0, 0, 0),
(185, 51, 14, 0, 0, 0, 0),
(185, 53, 14, 0, 0, 0, 0),
(185, 81, 13, 0, 0, 0, 0),
(185, 127, 13, 1, 0, 0, 0),
(185, 128, 13, 0, 0, 0, 0),
(186, 1, 5, 1, 0, 1, 0),
(186, 2, 6, 0, 0, 0, 0),
(186, 8, 5, 0, 0, 1, 0),
(186, 10, 6, 0, 0, 0, 0),
(186, 42, 5, 0, 0, 1, 0),
(186, 52, 6, 0, 0, 0, 0),
(186, 54, 5, 0, 0, 1, 0),
(186, 55, 6, 0, 0, 0, 0),
(186, 77, 5, 0, 0, 1, 0),
(186, 78, 6, 0, 0, 0, 0),
(186, 121, 6, 0, 0, 0, 0),
(186, 129, 5, 0, 0, 1, 0),
(186, 130, 5, 0, 0, 1, 0),
(187, 1, 5, 0, 0, 0, 0),
(187, 3, 14, 0, 0, 1, 0),
(187, 8, 5, 0, 0, 0, 0),
(187, 12, 14, 0, 0, 1, 0),
(187, 42, 5, 0, 0, 0, 0),
(187, 44, 14, 1, 0, 1, 0),
(187, 46, 14, 0, 0, 1, 0),
(187, 51, 14, 0, 1, 1, 0),
(187, 53, 14, 0, 0, 1, 0),
(187, 54, 5, 0, 0, 0, 0),
(187, 77, 5, 0, 0, 0, 0),
(187, 128, 14, 0, 0, 1, 0),
(187, 129, 5, 0, 0, 0, 0),
(187, 130, 5, 0, 0, 0, 0),
(188, 3, 14, 0, 0, 0, 0),
(188, 5, 13, 0, 0, 0, 0),
(188, 7, 13, 1, 0, 0, 0),
(188, 9, 13, 0, 0, 0, 0),
(188, 12, 14, 0, 1, 0, 0),
(188, 40, 13, 0, 1, 0, 0),
(188, 44, 14, 0, 0, 0, 0),
(188, 45, 13, 0, 1, 0, 0),
(188, 46, 14, 0, 0, 0, 0),
(188, 51, 14, 0, 0, 0, 0),
(188, 53, 14, 1, 0, 0, 0),
(188, 81, 13, 1, 0, 0, 0),
(188, 127, 13, 1, 0, 0, 0),
(188, 128, 14, 0, 0, 0, 0),
(189, 2, 6, 0, 0, 0, 0),
(189, 5, 13, 0, 0, 0, 0),
(189, 7, 13, 0, 0, 0, 0),
(189, 9, 13, 1, 1, 0, 0),
(189, 10, 6, 0, 1, 0, 0),
(189, 40, 13, 0, 0, 0, 0),
(189, 45, 13, 1, 0, 0, 0),
(189, 52, 6, 0, 0, 0, 0),
(189, 55, 6, 1, 0, 0, 0),
(189, 78, 6, 0, 0, 0, 0),
(189, 81, 13, 0, 0, 0, 0),
(189, 121, 6, 0, 0, 0, 0),
(189, 127, 13, 0, 0, 0, 0),
(189, 128, 6, 0, 0, 0, 0),
(190, 1, 5, 1, 0, 0, 0),
(190, 7, 13, 0, 0, 0, 0),
(190, 8, 5, 1, 0, 0, 0),
(190, 9, 13, 0, 0, 0, 0),
(190, 40, 13, 0, 0, 0, 0),
(190, 42, 5, 0, 0, 0, 0),
(190, 45, 13, 0, 0, 0, 0),
(190, 54, 5, 0, 0, 0, 0),
(190, 77, 13, 0, 0, 0, 0),
(190, 81, 13, 2, 0, 0, 0),
(190, 127, 13, 0, 0, 0, 0),
(190, 128, 5, 0, 0, 0, 0),
(190, 129, 5, 0, 0, 0, 0),
(190, 130, 5, 0, 0, 0, 0),
(191, 2, 6, 0, 0, 1, 0),
(191, 3, 14, 0, 0, 0, 0),
(191, 5, 6, 0, 0, 1, 0),
(191, 10, 6, 1, 0, 1, 0),
(191, 12, 14, 0, 0, 0, 0),
(191, 44, 14, 0, 0, 0, 0),
(191, 46, 14, 0, 0, 0, 0),
(191, 51, 14, 0, 0, 0, 0),
(191, 52, 6, 0, 0, 1, 0),
(191, 53, 14, 0, 0, 0, 0),
(191, 55, 6, 0, 0, 1, 0),
(191, 78, 6, 0, 0, 1, 0),
(191, 121, 6, 1, 1, 1, 0),
(191, 128, 14, 0, 0, 0, 0),
(192, 2, 6, 0, 0, 1, 0),
(192, 5, 6, 0, 0, 1, 0),
(192, 7, 13, 0, 0, 0, 0),
(192, 9, 13, 0, 0, 0, 0),
(192, 10, 6, 1, 0, 1, 0),
(192, 40, 13, 0, 0, 0, 0),
(192, 45, 13, 0, 0, 0, 0),
(192, 52, 6, 0, 0, 1, 0),
(192, 55, 6, 0, 1, 1, 0),
(192, 78, 6, 0, 0, 1, 0),
(192, 81, 13, 0, 0, 0, 0),
(192, 121, 6, 0, 0, 1, 0),
(192, 127, 13, 0, 0, 0, 0),
(192, 128, 13, 0, 0, 0, 0),
(193, 1, 5, 0, 0, 0, 0),
(193, 2, 6, 0, 0, 0, 0),
(193, 8, 5, 0, 0, 0, 0),
(193, 10, 6, 0, 0, 0, 0),
(193, 42, 5, 0, 0, 0, 0),
(193, 52, 6, 0, 0, 0, 0),
(193, 54, 5, 0, 0, 0, 0),
(193, 55, 6, 1, 0, 0, 0),
(193, 77, 6, 0, 0, 0, 0),
(193, 78, 6, 0, 0, 0, 0),
(193, 121, 6, 0, 1, 0, 0),
(193, 128, 5, 0, 0, 0, 0),
(193, 129, 5, 1, 0, 0, 0),
(193, 130, 5, 0, 0, 0, 0),
(194, 3, 14, 0, 0, 1, 0),
(194, 5, 14, 0, 0, 1, 0),
(194, 7, 13, 0, 0, 0, 0),
(194, 9, 13, 0, 0, 0, 0),
(194, 12, 14, 0, 0, 1, 0),
(194, 40, 13, 0, 0, 0, 0),
(194, 44, 14, 1, 0, 1, 0),
(194, 45, 13, 0, 0, 0, 0),
(194, 46, 14, 0, 1, 1, 0),
(194, 51, 14, 0, 0, 1, 0),
(194, 53, 14, 0, 0, 1, 0),
(194, 81, 13, 0, 0, 0, 0),
(194, 127, 13, 0, 0, 0, 0),
(194, 128, 13, 0, 0, 0, 0),
(195, 1, 5, 0, 0, 0, 0),
(195, 3, 14, 0, 0, 1, 0),
(195, 8, 5, 0, 0, 0, 0),
(195, 12, 14, 0, 0, 1, 0),
(195, 42, 5, 0, 0, 0, 0),
(195, 44, 14, 1, 1, 1, 0),
(195, 46, 14, 1, 0, 1, 0),
(195, 51, 14, 0, 1, 1, 0),
(195, 53, 14, 1, 0, 1, 0),
(195, 54, 5, 0, 0, 0, 0),
(195, 77, 14, 0, 0, 1, 0),
(195, 128, 5, 0, 0, 0, 0),
(195, 129, 5, 0, 0, 0, 0),
(195, 130, 5, 0, 0, 0, 0),
(196, 2, 6, 0, 0, 0, 0),
(196, 3, 14, 0, 0, 0, 0),
(196, 5, 6, 0, 0, 0, 0),
(196, 6, 6, 1, 0, 0, 0),
(196, 11, 14, 0, 0, 0, 0),
(196, 12, 14, 0, 1, 0, 0),
(196, 44, 14, 0, 0, 0, 0),
(196, 46, 14, 0, 0, 0, 0),
(196, 47, 6, 0, 0, 0, 0),
(196, 51, 14, 1, 0, 0, 0),
(196, 52, 6, 1, 0, 0, 0),
(196, 53, 14, 0, 0, 0, 0),
(196, 55, 6, 0, 2, 0, 0),
(196, 130, 6, 0, 0, 0, 0),
(197, 2, 6, 0, 0, 1, 0),
(197, 5, 6, 0, 0, 1, 0),
(197, 6, 6, 0, 0, 1, 0),
(197, 9, 13, 0, 0, 1, 0),
(197, 40, 13, 0, 0, 1, 0),
(197, 41, 13, 0, 0, 1, 0),
(197, 45, 13, 0, 0, 1, 0),
(197, 47, 6, 0, 0, 1, 0),
(197, 52, 6, 0, 0, 1, 0),
(197, 55, 6, 0, 0, 1, 0),
(197, 77, 13, 0, 0, 1, 0),
(197, 78, 13, 0, 0, 1, 0),
(197, 81, 13, 0, 0, 1, 0),
(197, 130, 6, 0, 0, 1, 0),
(198, 1, 5, 0, 0, 1, 0),
(198, 3, 14, 0, 0, 0, 0),
(198, 8, 5, 0, 0, 1, 0),
(198, 11, 14, 0, 0, 0, 0),
(198, 12, 14, 0, 0, 0, 0),
(198, 42, 5, 1, 0, 1, 0),
(198, 44, 14, 0, 0, 0, 0),
(198, 46, 14, 0, 0, 0, 0),
(198, 50, 5, 0, 0, 1, 0),
(198, 51, 14, 0, 0, 0, 0),
(198, 53, 14, 0, 0, 0, 0),
(198, 54, 5, 1, 1, 1, 0),
(198, 76, 5, 0, 0, 1, 0),
(198, 77, 5, 0, 0, 1, 0),
(200, 1, 5, 0, 0, 0, 0),
(200, 2, 6, 0, 0, 1, 0),
(200, 5, 6, 0, 0, 1, 0),
(200, 6, 6, 0, 0, 1, 0),
(200, 8, 5, 0, 0, 0, 0),
(200, 42, 5, 0, 0, 0, 0),
(200, 47, 6, 0, 0, 1, 0),
(200, 50, 5, 0, 0, 0, 0),
(200, 52, 6, 0, 0, 1, 0),
(200, 54, 5, 0, 0, 0, 0),
(200, 55, 6, 1, 0, 1, 0),
(200, 76, 5, 0, 0, 0, 0),
(200, 77, 5, 0, 0, 0, 0),
(200, 130, 6, 0, 0, 1, 0),
(201, 2, 6, 0, 0, 0, 1),
(201, 5, 6, 0, 0, 0, 0),
(201, 6, 6, 0, 0, 0, 0),
(201, 9, 13, 0, 0, 1, 0),
(201, 11, 13, 0, 0, 1, 0),
(201, 40, 13, 0, 0, 1, 0),
(201, 41, 13, 0, 0, 1, 0),
(201, 45, 13, 0, 0, 1, 0),
(201, 47, 6, 0, 0, 0, 0),
(201, 52, 6, 0, 0, 0, 0),
(201, 55, 6, 0, 0, 0, 0),
(201, 77, 13, 0, 0, 1, 0),
(201, 78, 13, 0, 0, 1, 0),
(201, 81, 13, 0, 0, 1, 0),
(201, 130, 6, 0, 0, 0, 0),
(202, 3, 14, 1, 0, 0, 0),
(202, 9, 13, 0, 0, 0, 0),
(202, 11, 14, 0, 0, 0, 0),
(202, 12, 14, 0, 0, 0, 0),
(202, 40, 13, 0, 0, 0, 0),
(202, 41, 13, 0, 1, 0, 0),
(202, 44, 14, 1, 0, 0, 0),
(202, 45, 13, 0, 0, 0, 0),
(202, 46, 14, 0, 0, 0, 0),
(202, 51, 14, 0, 2, 0, 0),
(202, 53, 14, 0, 0, 0, 0),
(202, 77, 13, 0, 0, 0, 0),
(202, 78, 13, 0, 0, 0, 0),
(202, 81, 13, 1, 0, 0, 0),
(203, 1, 5, 0, 0, 1, 0),
(203, 3, 14, 0, 0, 0, 0),
(203, 5, 5, 0, 0, 1, 0),
(203, 8, 5, 0, 0, 1, 0),
(203, 11, 14, 0, 0, 0, 0),
(203, 12, 14, 0, 0, 0, 0),
(203, 42, 5, 0, 0, 1, 0),
(203, 44, 14, 0, 0, 0, 0),
(203, 46, 14, 0, 0, 0, 0),
(203, 50, 5, 0, 0, 1, 0),
(203, 51, 14, 0, 0, 0, 0),
(203, 53, 14, 0, 0, 0, 0),
(203, 54, 5, 0, 0, 1, 0),
(203, 76, 5, 1, 0, 1, 0),
(203, 77, 14, 0, 0, 0, 0),
(204, 1, 5, 0, 0, 0, 0),
(204, 2, 6, 0, 0, 0, 0),
(204, 5, 6, 0, 0, 0, 0),
(204, 6, 6, 0, 0, 0, 0),
(204, 8, 5, 1, 0, 0, 0),
(204, 11, 6, 0, 0, 0, 0),
(204, 42, 5, 1, 0, 0, 0),
(204, 47, 6, 1, 0, 0, 0),
(204, 50, 5, 0, 0, 0, 0),
(204, 52, 6, 0, 1, 0, 0),
(204, 54, 5, 0, 0, 0, 0),
(204, 55, 6, 0, 0, 0, 0),
(204, 76, 5, 0, 1, 0, 0),
(204, 130, 6, 0, 0, 0, 0),
(205, 1, 5, 0, 0, 1, 0),
(205, 5, 5, 0, 0, 1, 0),
(205, 8, 5, 0, 0, 1, 0),
(205, 9, 13, 0, 0, 0, 0),
(205, 40, 13, 0, 0, 0, 0),
(205, 41, 13, 0, 0, 0, 0),
(205, 42, 5, 0, 0, 1, 0),
(205, 45, 13, 0, 0, 0, 0),
(205, 50, 5, 1, 0, 1, 0),
(205, 54, 5, 0, 0, 1, 0),
(205, 76, 5, 0, 0, 1, 0),
(205, 77, 13, 0, 0, 0, 0),
(205, 78, 13, 0, 0, 0, 0),
(205, 81, 13, 0, 0, 0, 0),
(206, 1, 5, 0, 0, 1, 0),
(206, 3, 14, 0, 0, 1, 0),
(206, 5, 5, 0, 0, 1, 0),
(206, 8, 5, 0, 0, 1, 0),
(206, 11, 14, 0, 0, 1, 0),
(206, 12, 14, 0, 0, 1, 0),
(206, 42, 5, 0, 0, 1, 0),
(206, 44, 14, 0, 0, 1, 0),
(206, 46, 14, 0, 0, 1, 0),
(206, 50, 5, 0, 0, 1, 0),
(206, 51, 14, 0, 0, 1, 0),
(206, 53, 14, 0, 0, 1, 0),
(206, 54, 5, 0, 0, 1, 0),
(206, 76, 5, 0, 0, 1, 0),
(207, 2, 6, 0, 0, 0, 0),
(207, 5, 6, 0, 0, 0, 0),
(207, 6, 6, 0, 0, 0, 0),
(207, 9, 13, 0, 0, 1, 0),
(207, 11, 6, 0, 0, 0, 0),
(207, 40, 13, 1, 1, 1, 0),
(207, 41, 13, 0, 0, 1, 0),
(207, 45, 13, 2, 0, 1, 0),
(207, 47, 6, 0, 0, 0, 0),
(207, 52, 6, 0, 0, 0, 0),
(207, 55, 6, 0, 0, 0, 0),
(207, 77, 13, 0, 0, 1, 0),
(207, 78, 13, 0, 0, 1, 0),
(207, 81, 13, 0, 0, 1, 0),
(207, 130, 6, 0, 0, 0, 0),
(208, 3, 14, 0, 0, 0, 0),
(208, 5, 14, 0, 0, 0, 0),
(208, 9, 13, 0, 0, 0, 0),
(208, 11, 14, 0, 0, 0, 0),
(208, 12, 14, 0, 0, 0, 0),
(208, 40, 13, 0, 0, 0, 0),
(208, 41, 13, 0, 0, 0, 0),
(208, 44, 14, 1, 0, 0, 0),
(208, 45, 13, 1, 0, 0, 0),
(208, 46, 14, 0, 2, 0, 0),
(208, 51, 14, 1, 0, 0, 0),
(208, 53, 14, 0, 0, 0, 0),
(208, 77, 13, 0, 0, 0, 0),
(208, 78, 13, 0, 0, 0, 0),
(208, 81, 13, 0, 0, 0, 0),
(209, 1, 5, 0, 0, 1, 0),
(209, 3, 14, 0, 0, 0, 0),
(209, 5, 14, 0, 0, 0, 0),
(209, 8, 5, 0, 1, 1, 0),
(209, 11, 5, 0, 1, 1, 0),
(209, 12, 14, 0, 0, 0, 0),
(209, 42, 5, 0, 0, 1, 0),
(209, 44, 14, 0, 0, 0, 0),
(209, 46, 14, 0, 0, 0, 0),
(209, 50, 5, 2, 0, 1, 0),
(209, 51, 14, 0, 0, 0, 0),
(209, 53, 14, 0, 0, 0, 0),
(209, 54, 5, 0, 0, 1, 0),
(209, 76, 5, 0, 0, 1, 0),
(218, 2, 6, 0, 0, 0, 0),
(218, 6, 6, 0, 0, 0, 0),
(218, 8, 5, 0, 0, 1, 0),
(218, 10, 6, 0, 0, 0, 0),
(218, 42, 5, 1, 1, 1, 0),
(218, 48, 6, 0, 0, 0, 0),
(218, 52, 6, 0, 0, 0, 0),
(218, 54, 5, 0, 0, 1, 0),
(218, 55, 6, 0, 0, 0, 0),
(218, 76, 5, 0, 0, 1, 0),
(218, 127, 5, 0, 0, 1, 0),
(218, 129, 5, 1, 0, 1, 0),
(219, 3, 14, 0, 0, 0, 0),
(219, 8, 5, 1, 0, 1, 0),
(219, 12, 14, 0, 0, 0, 0),
(219, 42, 5, 0, 2, 1, 0),
(219, 44, 14, 0, 0, 0, 0),
(219, 51, 14, 0, 0, 0, 0),
(219, 53, 14, 0, 0, 0, 0),
(219, 54, 5, 0, 0, 1, 0),
(219, 76, 5, 0, 0, 1, 0),
(219, 78, 14, 0, 0, 0, 0),
(219, 127, 5, 1, 0, 1, 0),
(219, 129, 5, 0, 0, 1, 0),
(220, 8, 5, 0, 0, 0, 0),
(220, 9, 13, 0, 0, 1, 0),
(220, 11, 5, 0, 0, 0, 0),
(220, 40, 13, 0, 0, 1, 0),
(220, 42, 5, 0, 0, 0, 0),
(220, 45, 13, 1, 0, 1, 0),
(220, 47, 13, 0, 0, 1, 0),
(220, 54, 5, 0, 0, 0, 0),
(220, 76, 5, 0, 0, 0, 0),
(220, 77, 13, 0, 0, 1, 0),
(220, 79, 13, 0, 0, 1, 0),
(220, 81, 13, 0, 0, 1, 0),
(220, 127, 5, 0, 0, 0, 0),
(220, 129, 5, 0, 0, 0, 0),
(221, 2, 6, 0, 0, 0, 0),
(221, 6, 6, 0, 0, 0, 0),
(221, 9, 13, 0, 0, 0, 0),
(221, 10, 6, 1, 0, 0, 0),
(221, 11, 6, 0, 0, 0, 0),
(221, 40, 13, 0, 0, 0, 0),
(221, 45, 13, 1, 0, 0, 0),
(221, 47, 13, 1, 0, 0, 0),
(221, 48, 6, 0, 0, 0, 0),
(221, 52, 6, 1, 0, 0, 0),
(221, 55, 6, 0, 0, 0, 0),
(221, 77, 13, 0, 0, 0, 0),
(221, 79, 13, 0, 0, 0, 0),
(221, 81, 13, 0, 0, 0, 0),
(222, 3, 14, 0, 0, 1, 0),
(222, 5, 14, 0, 0, 1, 0),
(222, 8, 5, 0, 0, 0, 0),
(222, 11, 5, 0, 0, 0, 0),
(222, 12, 14, 1, 0, 1, 0),
(222, 42, 5, 0, 0, 0, 0),
(222, 44, 14, 1, 0, 1, 0),
(222, 51, 14, 0, 0, 1, 0),
(222, 53, 14, 0, 0, 1, 0),
(222, 54, 5, 0, 0, 0, 0),
(222, 76, 5, 0, 0, 0, 0),
(222, 78, 14, 0, 0, 1, 0),
(222, 127, 5, 0, 0, 0, 0),
(222, 129, 5, 0, 0, 0, 0),
(223, 3, 14, 0, 0, 0, 0),
(223, 5, 14, 0, 0, 0, 0),
(223, 9, 13, 0, 0, 0, 0),
(223, 11, 13, 0, 0, 0, 0),
(223, 12, 14, 0, 0, 0, 0),
(223, 40, 13, 0, 0, 0, 0),
(223, 44, 14, 0, 0, 0, 0),
(223, 45, 13, 0, 0, 0, 0),
(223, 47, 13, 0, 0, 0, 0),
(223, 51, 14, 0, 0, 0, 0),
(223, 53, 14, 1, 0, 0, 0),
(223, 78, 14, 0, 0, 0, 0),
(223, 79, 13, 0, 0, 0, 0),
(223, 81, 13, 1, 0, 0, 0),
(224, 2, 6, 0, 0, 1, 0),
(224, 6, 6, 0, 0, 1, 0),
(224, 8, 5, 0, 0, 0, 0),
(224, 10, 6, 1, 1, 1, 0),
(224, 11, 6, 0, 0, 1, 0),
(224, 42, 5, 0, 0, 0, 0),
(224, 48, 6, 2, 0, 1, 0),
(224, 52, 6, 0, 0, 1, 0),
(224, 54, 5, 0, 0, 0, 0),
(224, 55, 6, 0, 0, 1, 0),
(224, 76, 5, 0, 0, 0, 0),
(224, 77, 5, 0, 0, 0, 0),
(224, 127, 5, 0, 0, 0, 0),
(224, 129, 5, 0, 0, 0, 0),
(225, 2, 6, 0, 0, 1, 0),
(225, 3, 14, 0, 0, 0, 0),
(225, 5, 14, 0, 0, 0, 0),
(225, 6, 6, 0, 3, 1, 0),
(225, 10, 6, 1, 0, 1, 0),
(225, 11, 6, 0, 0, 1, 0),
(225, 12, 14, 0, 0, 0, 0),
(225, 44, 14, 0, 0, 0, 0),
(225, 48, 6, 1, 0, 1, 0),
(225, 51, 14, 0, 0, 0, 0),
(225, 52, 6, 0, 0, 1, 0),
(225, 53, 14, 0, 0, 0, 0),
(225, 55, 6, 3, 0, 1, 0),
(225, 78, 14, 0, 0, 0, 0),
(226, 2, 6, 0, 0, 1, 0),
(226, 6, 6, 0, 0, 1, 0),
(226, 9, 13, 0, 0, 0, 0),
(226, 10, 6, 1, 0, 1, 0),
(226, 11, 6, 0, 0, 1, 0),
(226, 40, 13, 0, 0, 0, 0),
(226, 45, 13, 0, 0, 0, 0),
(226, 47, 13, 0, 0, 0, 0),
(226, 48, 6, 1, 0, 1, 0),
(226, 52, 6, 0, 0, 1, 0),
(226, 55, 6, 0, 0, 1, 0),
(226, 77, 13, 0, 0, 0, 0),
(226, 79, 13, 0, 0, 0, 0),
(226, 81, 13, 0, 0, 0, 0),
(227, 2, 6, 0, 0, 0, 0),
(227, 5, 5, 0, 0, 0, 0),
(227, 6, 6, 0, 0, 0, 0),
(227, 8, 5, 0, 0, 0, 0),
(227, 10, 6, 0, 0, 0, 0),
(227, 11, 6, 0, 0, 0, 0),
(227, 42, 5, 1, 0, 0, 0),
(227, 48, 6, 0, 0, 0, 0),
(227, 52, 6, 0, 0, 0, 0),
(227, 54, 5, 0, 0, 0, 0),
(227, 55, 6, 1, 0, 0, 0),
(227, 76, 5, 0, 0, 0, 0),
(227, 127, 5, 0, 0, 0, 0),
(227, 129, 5, 0, 0, 0, 0),
(228, 3, 14, 0, 0, 0, 0),
(228, 5, 13, 0, 0, 0, 0),
(228, 9, 13, 0, 0, 0, 0),
(228, 11, 14, 0, 0, 0, 0),
(228, 12, 14, 0, 0, 0, 0),
(228, 40, 13, 0, 0, 0, 0),
(228, 44, 14, 1, 0, 0, 0),
(228, 45, 13, 0, 0, 0, 0),
(228, 47, 13, 0, 0, 0, 0),
(228, 51, 14, 0, 0, 0, 0),
(228, 53, 14, 0, 0, 0, 0),
(228, 78, 14, 0, 0, 0, 0),
(228, 79, 13, 0, 0, 0, 0),
(228, 81, 13, 1, 0, 0, 0),
(229, 2, 6, 0, 0, 0, 0),
(229, 6, 6, 0, 0, 0, 0),
(229, 8, 5, 0, 0, 1, 0),
(229, 10, 6, 0, 0, 0, 0),
(229, 42, 5, 1, 1, 1, 0),
(229, 48, 6, 0, 0, 0, 0),
(229, 52, 6, 0, 0, 0, 0),
(229, 54, 5, 0, 0, 1, 0),
(229, 55, 6, 0, 0, 0, 0),
(229, 76, 5, 0, 1, 1, 0),
(229, 127, 5, 1, 0, 1, 0),
(229, 129, 5, 0, 0, 1, 0),
(233, 3, 14, 0, 0, 0, 0),
(233, 9, 13, 0, 0, 0, 0),
(233, 11, 14, 0, 0, 0, 0),
(233, 12, 14, 0, 0, 0, 0),
(233, 40, 13, 0, 0, 0, 0),
(233, 44, 14, 1, 0, 0, 0),
(233, 45, 13, 0, 1, 0, 0),
(233, 46, 14, 1, 0, 0, 0),
(233, 47, 13, 1, 0, 0, 0),
(233, 77, 13, 0, 0, 0, 0),
(233, 78, 14, 0, 1, 0, 0),
(233, 79, 13, 0, 0, 0, 0),
(233, 81, 13, 0, 0, 0, 0),
(233, 130, 14, 0, 0, 0, 0),
(234, 2, 6, 0, 0, 1, 0),
(234, 3, 14, 0, 0, 0, 0),
(234, 5, 6, 0, 0, 1, 0),
(234, 6, 6, 0, 0, 1, 0),
(234, 10, 6, 0, 0, 1, 0),
(234, 11, 14, 0, 0, 0, 0),
(234, 12, 14, 0, 0, 0, 0),
(234, 44, 14, 0, 0, 0, 0),
(234, 46, 14, 0, 0, 0, 0),
(234, 48, 6, 1, 0, 1, 0),
(234, 52, 6, 0, 0, 1, 0),
(234, 55, 6, 0, 0, 1, 0),
(234, 78, 14, 0, 0, 0, 0),
(234, 130, 14, 0, 0, 0, 0),
(235, 1, 5, 0, 1, 0, 0),
(235, 2, 6, 0, 0, 0, 0),
(235, 6, 6, 0, 0, 0, 0),
(235, 8, 5, 0, 0, 0, 0),
(235, 10, 6, 0, 1, 0, 0),
(235, 11, 5, 0, 0, 0, 0),
(235, 42, 5, 2, 0, 0, 0),
(235, 48, 6, 3, 1, 0, 0),
(235, 52, 6, 0, 0, 0, 0),
(235, 55, 6, 1, 1, 0, 0),
(235, 76, 5, 0, 0, 0, 0),
(235, 77, 6, 0, 0, 0, 0),
(235, 127, 5, 0, 0, 0, 0),
(235, 129, 5, 0, 0, 0, 0),
(236, 2, 6, 0, 0, 0, 0),
(236, 6, 6, 0, 0, 0, 0),
(236, 9, 13, 0, 0, 1, 0),
(236, 10, 6, 0, 0, 0, 0),
(236, 11, 13, 0, 0, 1, 0),
(236, 40, 13, 1, 0, 1, 0),
(236, 45, 13, 1, 0, 1, 0),
(236, 47, 13, 0, 0, 1, 0),
(236, 48, 6, 0, 0, 0, 0),
(236, 52, 6, 0, 0, 0, 0),
(236, 55, 6, 0, 0, 0, 0),
(236, 77, 6, 0, 0, 0, 0),
(236, 79, 13, 0, 1, 1, 0),
(236, 81, 13, 0, 1, 1, 0),
(237, 3, 14, 0, 0, 0, 0),
(237, 5, 14, 0, 0, 0, 0),
(237, 9, 13, 0, 0, 1, 0),
(237, 11, 13, 0, 0, 1, 0),
(237, 12, 14, 0, 0, 0, 0),
(237, 40, 13, 0, 0, 1, 0),
(237, 44, 14, 0, 0, 0, 0),
(237, 45, 13, 0, 0, 1, 0),
(237, 46, 14, 0, 0, 0, 0),
(237, 47, 13, 0, 0, 1, 0),
(237, 78, 14, 0, 0, 0, 0),
(237, 79, 13, 1, 0, 1, 0),
(237, 81, 13, 0, 0, 1, 0),
(237, 130, 14, 0, 0, 0, 0),
(238, 1, 5, 0, 0, 0, 0),
(238, 8, 5, 0, 0, 0, 0),
(238, 9, 13, 0, 0, 0, 0),
(238, 11, 13, 0, 0, 0, 0),
(238, 40, 13, 0, 1, 0, 0),
(238, 42, 5, 0, 0, 0, 0),
(238, 45, 13, 0, 0, 0, 0),
(238, 47, 13, 0, 0, 0, 0),
(238, 76, 5, 0, 0, 0, 0),
(238, 77, 5, 0, 0, 0, 0),
(238, 79, 13, 0, 0, 0, 0),
(238, 81, 13, 1, 0, 0, 0),
(238, 127, 5, 1, 0, 0, 0),
(238, 129, 5, 0, 0, 0, 0),
(239, 2, 6, 0, 0, 0, 0),
(239, 3, 14, 0, 0, 0, 0),
(239, 5, 14, 0, 0, 0, 0),
(239, 6, 6, 0, 0, 0, 0),
(239, 10, 6, 0, 0, 0, 0),
(239, 12, 14, 0, 0, 0, 0),
(239, 44, 14, 0, 1, 0, 0),
(239, 46, 14, 0, 1, 0, 0),
(239, 48, 6, 2, 1, 0, 0),
(239, 52, 6, 1, 0, 0, 0),
(239, 55, 6, 0, 1, 0, 0),
(239, 77, 6, 0, 0, 0, 0),
(239, 78, 14, 2, 0, 0, 0),
(239, 130, 14, 0, 0, 0, 0),
(240, 2, 6, 0, 0, 0, 0),
(240, 6, 6, 0, 0, 0, 0),
(240, 9, 13, 0, 0, 0, 0),
(240, 10, 6, 1, 0, 0, 0),
(240, 11, 13, 0, 0, 0, 0),
(240, 40, 13, 1, 1, 0, 0),
(240, 45, 13, 1, 0, 0, 0),
(240, 47, 13, 0, 1, 0, 0),
(240, 48, 6, 0, 0, 0, 0),
(240, 52, 6, 0, 0, 0, 0),
(240, 55, 6, 0, 0, 0, 0),
(240, 77, 6, 0, 0, 0, 0),
(240, 79, 13, 0, 0, 0, 0),
(240, 81, 13, 0, 0, 0, 0),
(241, 1, 5, 0, 0, 1, 0),
(241, 5, 5, 0, 0, 1, 0),
(241, 8, 5, 0, 0, 1, 0),
(241, 9, 13, 0, 0, 1, 0),
(241, 11, 13, 0, 0, 1, 0),
(241, 40, 13, 0, 0, 1, 0),
(241, 42, 5, 0, 0, 1, 0),
(241, 45, 13, 0, 0, 1, 0),
(241, 47, 13, 0, 0, 1, 0),
(241, 76, 5, 0, 0, 1, 0),
(241, 79, 13, 0, 0, 1, 0),
(241, 81, 13, 0, 0, 1, 0);
INSERT INTO `campeonato_estatisticas_partida` (`partida_id`, `jogador_id`, `time_id`, `gols`, `assistencias`, `clean_sheet`, `gols_contra`) VALUES
(241, 127, 5, 0, 0, 1, 0),
(241, 129, 5, 0, 0, 1, 0),
(242, 2, 6, 0, 0, 0, 0),
(242, 3, 14, 0, 0, 0, 0),
(242, 5, 14, 0, 0, 0, 0),
(242, 6, 6, 0, 0, 0, 0),
(242, 10, 6, 1, 1, 0, 0),
(242, 11, 6, 0, 0, 0, 0),
(242, 12, 14, 0, 1, 0, 0),
(242, 44, 14, 0, 0, 0, 0),
(242, 46, 14, 1, 0, 0, 0),
(242, 48, 6, 0, 1, 0, 0),
(242, 52, 6, 0, 0, 0, 0),
(242, 55, 6, 1, 0, 0, 0),
(242, 78, 14, 0, 0, 0, 0),
(242, 130, 14, 0, 0, 0, 0),
(243, 1, 5, 1, 0, 0, 0),
(243, 2, 6, 0, 0, 0, 0),
(243, 5, 5, 0, 0, 0, 0),
(243, 6, 6, 0, 0, 0, 0),
(243, 8, 5, 1, 0, 0, 0),
(243, 10, 6, 0, 0, 0, 0),
(243, 11, 6, 0, 0, 0, 0),
(243, 42, 5, 0, 0, 0, 0),
(243, 48, 6, 0, 0, 0, 0),
(243, 52, 6, 0, 0, 0, 0),
(243, 55, 6, 0, 0, 0, 0),
(243, 76, 5, 0, 0, 0, 0),
(243, 127, 5, 0, 0, 0, 0),
(243, 129, 5, 1, 1, 0, 0);

-- --------------------------------------------------------

--
-- Estrutura para tabela `campeonato_eventos_partida`
--

CREATE TABLE `campeonato_eventos_partida` (
  `id` int(11) NOT NULL,
  `partida_id` int(11) NOT NULL,
  `jogador_id` int(11) NOT NULL,
  `time_id` int(11) DEFAULT NULL,
  `tipo` varchar(30) NOT NULL DEFAULT 'gol',
  `minuto` int(11) NOT NULL DEFAULT 0,
  `assist_por_jogador_id` int(11) DEFAULT NULL,
  `criado_em` datetime NOT NULL DEFAULT CURRENT_TIMESTAMP
) ENGINE=InnoDB DEFAULT CHARSET=utf8mb4 COLLATE=utf8mb4_general_ci;

--
-- Despejando dados para a tabela `campeonato_eventos_partida`
--

INSERT INTO `campeonato_eventos_partida` (`id`, `partida_id`, `jogador_id`, `time_id`, `tipo`, `minuto`, `assist_por_jogador_id`, `criado_em`) VALUES
(1, 196, 52, 0, 'gol', 0, 55, '2026-03-04 00:20:06'),
(2, 196, 6, 0, 'gol', 3, 55, '2026-03-04 00:20:06'),
(3, 196, 51, 0, 'gol', 6, 12, '2026-03-04 00:20:06'),
(4, 198, 42, 0, 'gol', 4, 54, '2026-03-04 00:39:03'),
(5, 198, 54, 0, 'gol', 7, NULL, '2026-03-04 00:39:03'),
(6, 200, 55, 0, 'gol', 0, NULL, '2026-03-04 00:47:51'),
(7, 201, 2, 0, 'gol_contra', 1, NULL, '2026-03-04 00:56:24'),
(8, 202, 3, 0, 'gol', 1, 51, '2026-03-04 01:05:40'),
(9, 202, 81, 0, 'gol', 1, 41, '2026-03-04 01:05:40'),
(10, 202, 44, 0, 'gol', 2, 51, '2026-03-04 01:05:40'),
(11, 203, 76, 0, 'gol', 6, NULL, '2026-03-04 01:14:41'),
(12, 204, 8, 0, 'gol', 1, NULL, '2026-03-04 01:23:53'),
(13, 204, 47, 0, 'gol', 3, 52, '2026-03-04 01:23:53'),
(14, 204, 42, 0, 'gol', 6, 76, '2026-03-04 01:23:53'),
(15, 205, 50, 0, 'gol', 8, NULL, '2026-03-04 01:33:00'),
(16, 207, 45, 0, 'gol', 2, NULL, '2026-03-04 01:51:06'),
(17, 207, 45, 0, 'gol', 3, 40, '2026-03-04 01:51:06'),
(18, 207, 40, 0, 'gol', 4, NULL, '2026-03-04 01:51:06'),
(19, 208, 45, 0, 'gol', 2, NULL, '2026-03-04 01:59:49'),
(20, 208, 51, 0, 'gol', 4, 46, '2026-03-04 01:59:49'),
(21, 208, 44, 0, 'gol', 7, 46, '2026-03-04 01:59:49'),
(22, 209, 50, 0, 'gol', 2, 8, '2026-03-04 02:10:14'),
(23, 209, 50, 0, 'gol', 9, 11, '2026-03-04 02:10:14'),
(30, 220, 45, 0, 'gol', 7, NULL, '2026-03-18 00:41:33'),
(31, 221, 45, 0, 'gol', 1, NULL, '2026-03-18 00:50:47'),
(32, 221, 52, 0, 'gol', 3, NULL, '2026-03-18 00:50:47'),
(33, 221, 10, 0, 'gol', 5, NULL, '2026-03-18 00:50:47'),
(34, 221, 47, 0, 'gol', 7, NULL, '2026-03-18 00:50:47'),
(35, 222, 12, 0, 'gol', 6, NULL, '2026-03-18 01:00:20'),
(36, 222, 44, 0, 'gol', 7, NULL, '2026-03-18 01:00:20'),
(37, 223, 81, 0, 'gol', 4, NULL, '2026-03-18 01:09:50'),
(38, 223, 53, 0, 'gol', 8, NULL, '2026-03-18 01:09:50'),
(47, 226, 48, 0, 'gol', 3, NULL, '2026-03-18 01:38:17'),
(48, 226, 10, 0, 'gol', 5, NULL, '2026-03-18 01:38:17'),
(49, 227, 55, 0, 'gol', 0, NULL, '2026-03-18 01:47:29'),
(50, 227, 42, 0, 'gol', 1, NULL, '2026-03-18 01:47:29'),
(51, 228, 81, 0, 'gol', 5, NULL, '2026-03-18 01:57:17'),
(52, 228, 44, 0, 'gol', 8, NULL, '2026-03-18 01:57:17'),
(65, 225, 48, 6, 'gol', 0, 6, '2026-03-18 23:28:14'),
(66, 225, 55, 6, 'gol', 0, 6, '2026-03-18 23:28:14'),
(67, 225, 10, 6, 'gol', 0, 6, '2026-03-18 23:28:14'),
(68, 225, 55, 6, 'gol', 0, NULL, '2026-03-18 23:28:14'),
(69, 225, 55, 6, 'gol', 0, NULL, '2026-03-18 23:28:14'),
(74, 224, 48, 6, 'gol', 0, NULL, '2026-03-18 23:30:12'),
(75, 224, 10, 6, 'gol', 0, NULL, '2026-03-18 23:30:12'),
(76, 224, 48, 6, 'gol', 0, 10, '2026-03-18 23:30:12'),
(87, 17, 46, 1, 'gol', 0, 54, '2026-03-22 00:33:06'),
(88, 18, 46, 1, 'gol', 0, 55, '2026-03-22 00:33:06'),
(89, 18, 44, 1, 'gol', 0, 55, '2026-03-22 00:33:06'),
(90, 18, 46, 1, 'gol', 0, NULL, '2026-03-22 00:33:06'),
(91, 18, 7, 5, 'gol', 1, 1, '2026-03-22 00:33:06'),
(92, 20, 42, 2, 'gol', 0, 49, '2026-03-22 00:33:06'),
(93, 20, 10, 2, 'gol', 0, 79, '2026-03-22 00:33:06'),
(94, 20, 40, 5, 'gol', 0, 1, '2026-03-22 00:33:06'),
(95, 21, 53, 6, 'gol', 0, 48, '2026-03-22 00:33:06'),
(96, 21, 51, 6, 'gol', 0, 48, '2026-03-22 00:33:06'),
(97, 22, 51, 6, 'gol', 0, NULL, '2026-03-22 00:33:06'),
(98, 22, 46, 1, 'gol', 0, NULL, '2026-03-22 00:33:06'),
(99, 23, 78, 1, 'gol', 0, 46, '2026-03-22 00:33:06'),
(100, 23, 2, 5, 'gol', 0, 40, '2026-03-22 00:33:06'),
(101, 25, 55, 1, 'gol', 0, NULL, '2026-03-22 00:33:06'),
(102, 25, 52, 6, 'gol', 0, NULL, '2026-03-22 00:33:06'),
(103, 27, 50, 5, 'gol', 0, 2, '2026-03-22 00:33:06'),
(104, 27, 50, 5, 'gol', 0, NULL, '2026-03-22 00:33:06'),
(105, 29, 8, 1, 'gol', 0, NULL, '2026-03-22 00:33:06'),
(106, 29, 6, 5, 'gol', 0, 1, '2026-03-22 00:33:06'),
(107, 29, 7, 5, 'gol', 0, 50, '2026-03-22 00:33:06'),
(108, 30, 7, 5, 'gol', 0, 50, '2026-03-22 00:33:06'),
(109, 30, 7, 5, 'gol', 0, NULL, '2026-03-22 00:33:06'),
(110, 34, 79, 2, 'gol', 0, NULL, '2026-03-22 00:33:06'),
(111, 39, 78, 5, 'gol', 0, 1, '2026-03-22 00:33:06'),
(112, 40, 49, 2, 'gol', 0, NULL, '2026-03-22 00:33:06'),
(113, 41, 9, 6, 'gol', 0, 48, '2026-03-22 00:33:06'),
(114, 41, 52, 6, 'gol', 0, 48, '2026-03-22 00:33:06'),
(115, 42, 7, 5, 'gol', 0, 2, '2026-03-22 00:33:06'),
(116, 43, 12, 5, 'gol', 0, NULL, '2026-03-22 00:33:06'),
(117, 44, 1, 5, 'gol', 0, 12, '2026-03-22 00:33:06'),
(118, 44, 10, 2, 'gol', 0, 42, '2026-03-22 00:33:06'),
(119, 44, 10, 2, 'gol', 0, 49, '2026-03-22 00:33:06'),
(120, 45, 10, 2, 'gol', 0, NULL, '2026-03-22 00:33:06'),
(121, 45, 53, 6, 'gol', 0, 48, '2026-03-22 00:33:06'),
(122, 46, 44, 1, 'gol', 0, 81, '2026-03-22 00:33:06'),
(123, 47, 44, 1, 'gol', 0, NULL, '2026-03-22 00:33:06'),
(124, 47, 53, 6, 'gol', 0, 48, '2026-03-22 00:33:06'),
(125, 47, 48, 6, 'gol', 0, 53, '2026-03-22 00:33:06'),
(126, 47, 48, 6, 'gol', 0, NULL, '2026-03-22 00:33:06'),
(127, 48, 48, 6, 'gol', 0, NULL, '2026-03-22 00:33:06'),
(128, 48, 51, 6, 'gol', 0, NULL, '2026-03-22 00:33:06'),
(129, 48, 42, 2, 'gol', 0, NULL, '2026-03-22 00:33:06'),
(130, 49, 1, 5, 'gol', 0, NULL, '2026-03-22 00:33:06'),
(131, 49, 1, 5, 'gol', 0, NULL, '2026-03-22 00:33:06'),
(132, 49, 48, 6, 'gol', 0, NULL, '2026-03-22 00:33:06'),
(133, 49, 9, 6, 'gol', 0, NULL, '2026-03-22 00:33:06'),
(134, 50, 81, 1, 'gol', 3, 8, '2026-03-22 00:33:06'),
(135, 50, 81, 1, 'gol', 5, 44, '2026-03-22 00:33:06'),
(136, 50, 45, 2, 'gol', 6, 10, '2026-03-22 00:33:06'),
(137, 50, 55, 1, 'gol', 8, 44, '2026-03-22 00:33:06'),
(138, 51, 44, 1, 'gol', 5, 81, '2026-03-22 00:33:06'),
(139, 52, 50, 5, 'gol', 1, 1, '2026-03-22 00:33:06'),
(140, 52, 1, 5, 'gol', 2, 78, '2026-03-22 00:33:06'),
(141, 53, 42, 2, 'gol', 2, NULL, '2026-03-22 00:33:06'),
(142, 53, 49, 2, 'gol', 4, NULL, '2026-03-22 00:33:06'),
(143, 54, 53, 6, 'gol', 1, NULL, '2026-03-22 00:33:06'),
(144, 54, 10, 2, 'gol', 2, NULL, '2026-03-22 00:33:06'),
(145, 54, 53, 6, 'gol', 6, NULL, '2026-03-22 00:33:06'),
(146, 55, 44, 1, 'gol', 5, NULL, '2026-03-22 00:33:06'),
(147, 57, 50, 5, 'gol', 5, 78, '2026-03-22 00:33:06'),
(148, 57, 7, 5, 'gol', 6, 1, '2026-03-22 00:33:06'),
(149, 57, 78, 5, 'gol', 6, 7, '2026-03-22 00:33:06'),
(150, 57, 78, 5, 'gol', 8, 7, '2026-03-22 00:33:06'),
(151, 58, 45, 2, 'gol', 1, 42, '2026-03-22 00:33:06'),
(152, 58, 42, 2, 'gol', 2, 39, '2026-03-22 00:33:06'),
(153, 58, 2, 5, 'gol', 3, 43, '2026-03-22 00:33:06'),
(154, 58, 50, 5, 'gol', 5, NULL, '2026-03-22 00:33:06'),
(155, 61, 53, 6, 'gol', 2, 48, '2026-03-22 00:33:06'),
(156, 61, 48, 6, 'gol', 5, NULL, '2026-03-22 00:33:06'),
(157, 64, 42, 2, 'gol', 0, NULL, '2026-03-22 00:33:06'),
(158, 64, 6, 2, 'gol', 0, NULL, '2026-03-22 00:33:06'),
(159, 64, 45, 3, 'gol', 0, 3, '2026-03-22 00:33:06'),
(160, 64, 45, 3, 'gol', 0, 3, '2026-03-22 00:33:06'),
(161, 66, 45, 3, 'gol', 0, 82, '2026-03-22 00:33:06'),
(162, 66, 45, 3, 'gol', 0, NULL, '2026-03-22 00:33:06'),
(163, 66, 45, 3, 'gol', 0, NULL, '2026-03-22 00:33:06'),
(164, 66, 3, 3, 'gol', 0, 45, '2026-03-22 00:33:06'),
(165, 67, 76, 3, 'gol', 0, NULL, '2026-03-22 00:33:06'),
(166, 69, 44, 4, 'gol', 0, 50, '2026-03-22 00:33:06'),
(167, 70, 39, 4, 'gol', 0, 44, '2026-03-22 00:33:06'),
(168, 71, 10, 4, 'gol', 0, 44, '2026-03-22 00:33:06'),
(169, 71, 7, 1, 'gol', 0, 46, '2026-03-22 00:33:06'),
(170, 72, 2, 2, 'gol', 0, 6, '2026-03-22 00:33:06'),
(171, 73, 1, 1, 'gol', 0, 7, '2026-03-22 00:33:06'),
(172, 73, 1, 1, 'gol', 0, 53, '2026-03-22 00:33:06'),
(173, 73, 42, 2, 'gol', 0, NULL, '2026-03-22 00:33:06'),
(174, 74, 41, 1, 'gol', 0, 1, '2026-03-22 00:33:06'),
(175, 74, 46, 1, 'gol', 0, NULL, '2026-03-22 00:33:06'),
(176, 74, 46, 1, 'gol', 0, NULL, '2026-03-22 00:33:06'),
(177, 74, 46, 1, 'gol', 0, NULL, '2026-03-22 00:33:06'),
(178, 74, 10, 4, 'gol', 0, NULL, '2026-03-22 00:33:06'),
(179, 76, 39, 4, 'gol', 0, 10, '2026-03-22 00:33:06'),
(180, 76, 44, 4, 'gol', 0, 10, '2026-03-22 00:33:06'),
(181, 76, 44, 4, 'gol', 0, 52, '2026-03-22 00:33:06'),
(182, 76, 44, 4, 'gol', 0, 77, '2026-03-22 00:33:06'),
(183, 77, 55, 4, 'gol', 0, NULL, '2026-03-22 00:33:06'),
(184, 77, 7, 1, 'gol', 0, 8, '2026-03-22 00:33:06'),
(185, 77, 7, 1, 'gol', 0, 46, '2026-03-22 00:33:06'),
(186, 77, 46, 1, 'gol', 0, 41, '2026-03-22 00:33:06'),
(187, 78, 1, 1, 'gol', 0, NULL, '2026-03-22 00:33:06'),
(188, 80, 55, 4, 'gol', 0, NULL, '2026-03-22 00:33:06'),
(189, 80, 76, 3, 'gol', 0, 47, '2026-03-22 00:33:06'),
(190, 80, 3, 3, 'gol', 0, 40, '2026-03-22 00:33:06'),
(191, 80, 3, 3, 'gol', 1, 40, '2026-03-22 00:33:06'),
(192, 80, 47, 3, 'gol', 1, NULL, '2026-03-22 00:33:06'),
(193, 81, 8, 1, 'gol', 0, NULL, '2026-03-22 00:33:06'),
(194, 84, 42, 2, 'gol', 0, 9, '2026-03-22 00:33:06'),
(195, 85, 55, 4, 'gol', 0, NULL, '2026-03-22 00:33:06'),
(196, 86, 45, 3, 'gol', 0, NULL, '2026-03-22 00:33:06'),
(197, 86, 40, 3, 'gol', 0, 45, '2026-03-22 00:33:06'),
(198, 86, 2, 2, 'gol', 0, NULL, '2026-03-22 00:33:06'),
(199, 89, 47, 3, 'gol', 0, 76, '2026-03-22 00:33:06'),
(200, 89, 47, 3, 'gol', 0, 45, '2026-03-22 00:33:06'),
(201, 89, 5, 3, 'gol', 0, 54, '2026-03-22 00:33:06'),
(202, 89, 8, 1, 'gol', 0, 7, '2026-03-22 00:33:06'),
(203, 91, 49, 1, 'gol', 0, 41, '2026-03-22 00:33:06'),
(204, 91, 49, 1, 'gol', 0, 46, '2026-03-22 00:33:06'),
(205, 91, 51, 2, 'gol', 0, NULL, '2026-03-22 00:33:06'),
(206, 93, 45, 3, 'gol', 0, 47, '2026-03-22 00:33:06'),
(207, 93, 45, 3, 'gol', 0, 47, '2026-03-22 00:33:06'),
(208, 94, 10, 4, 'gol', 0, NULL, '2026-03-22 00:33:06'),
(209, 94, 44, 4, 'gol', 0, 10, '2026-03-22 00:33:06'),
(210, 94, 47, 3, 'gol', 0, 3, '2026-03-22 00:33:06'),
(211, 94, 47, 3, 'gol', 0, NULL, '2026-03-22 00:33:06'),
(212, 95, 46, 1, 'gol', 0, NULL, '2026-03-22 00:33:06'),
(213, 95, 46, 1, 'gol', 0, NULL, '2026-03-22 00:33:06'),
(214, 96, 76, 3, 'gol', 0, 47, '2026-03-22 00:33:06'),
(215, 97, 76, 3, 'gol', 0, 47, '2026-03-22 00:33:06'),
(216, 98, 76, 3, 'gol', 0, 47, '2026-03-22 00:33:06'),
(217, 99, 46, 1, 'gol', 0, NULL, '2026-03-22 00:33:06'),
(218, 99, 46, 1, 'gol', 0, NULL, '2026-03-22 00:33:06'),
(219, 103, 50, 5, 'gol', 7, NULL, '2026-03-22 00:33:06'),
(220, 104, 7, 5, 'gol', 5, 5, '2026-03-22 00:33:06'),
(221, 104, 3, 2, 'gol', 6, 39, '2026-03-22 00:33:06'),
(222, 105, 48, 6, 'gol', 2, 51, '2026-03-22 00:33:06'),
(223, 105, 53, 6, 'gol', 7, NULL, '2026-03-22 00:33:06'),
(224, 106, 48, 6, 'gol', 0, 52, '2026-03-22 00:33:06'),
(225, 106, 48, 6, 'gol', 4, 41, '2026-03-22 00:33:06'),
(226, 106, 51, 6, 'gol', 7, NULL, '2026-03-22 00:33:06'),
(227, 107, 45, 2, 'gol', 0, 84, '2026-03-22 00:33:06'),
(228, 107, 52, 6, 'gol', 2, 9, '2026-03-22 00:33:06'),
(229, 107, 3, 2, 'gol', 4, NULL, '2026-03-22 00:33:06'),
(230, 108, 3, 2, 'gol', 5, 45, '2026-03-22 00:33:06'),
(231, 108, 44, 1, 'gol', 5, 8, '2026-03-22 00:33:06'),
(232, 108, 55, 1, 'gol', 7, 44, '2026-03-22 00:33:06'),
(233, 110, 45, 2, 'gol', 1, 11, '2026-03-22 00:33:06'),
(234, 110, 51, 6, 'gol', 4, NULL, '2026-03-22 00:33:06'),
(235, 110, 48, 6, 'gol', 5, 51, '2026-03-22 00:33:06'),
(236, 111, 52, 6, 'gol', 6, 48, '2026-03-22 00:33:06'),
(237, 111, 44, 1, 'gol', 7, 76, '2026-03-22 00:33:06'),
(238, 112, 45, 2, 'gol', 2, NULL, '2026-03-22 00:33:06'),
(239, 112, 50, 5, 'gol', 6, 7, '2026-03-22 00:33:06'),
(240, 116, 81, 1, 'gol', 1, NULL, '2026-03-22 00:33:06'),
(241, 116, 53, 6, 'gol', 2, 51, '2026-03-22 00:33:06'),
(242, 116, 48, 6, 'gol', 4, 53, '2026-03-22 00:33:06'),
(243, 116, 53, 6, 'gol', 6, 48, '2026-03-22 00:33:06'),
(244, 116, 44, 1, 'gol', 8, 54, '2026-03-22 00:33:06'),
(245, 117, 46, 1, 'gol', 7, 54, '2026-03-22 00:33:06'),
(246, 117, 76, 1, 'gol', 8, 46, '2026-03-22 00:33:06'),
(247, 118, 7, 5, 'gol', 0, 1, '2026-03-22 00:33:06'),
(248, 118, 78, 5, 'gol', 5, NULL, '2026-03-22 00:33:06'),
(249, 119, 46, 1, 'gol', 6, NULL, '2026-03-22 00:33:06'),
(250, 120, 78, 5, 'gol', 2, NULL, '2026-03-22 00:33:06'),
(251, 120, 7, 5, 'gol', 7, 81, '2026-03-22 00:33:06'),
(252, 121, 81, 5, 'gol', 3, 7, '2026-03-22 00:33:06'),
(253, 121, 42, 2, 'gol', 4, NULL, '2026-03-22 00:33:06'),
(254, 123, 44, 1, 'gol', 0, 46, '2026-03-22 00:33:06'),
(255, 123, 10, 2, 'gol', 5, NULL, '2026-03-22 00:33:06'),
(256, 123, 10, 2, 'gol', 6, 42, '2026-03-22 00:33:06'),
(257, 123, 45, 2, 'gol', 8, NULL, '2026-03-22 00:33:06'),
(258, 124, 48, 6, 'gol', 4, 51, '2026-03-22 00:33:06'),
(259, 125, 51, 6, 'gol', 1, 48, '2026-03-22 00:33:06'),
(260, 125, 81, 5, 'gol', 1, NULL, '2026-03-22 00:33:06'),
(261, 126, 7, 5, 'gol', 3, 2, '2026-03-22 00:33:06'),
(262, 126, 46, 1, 'gol', 4, 76, '2026-03-22 00:33:06'),
(263, 126, 50, 5, 'gol', 8, NULL, '2026-03-22 00:33:06'),
(264, 127, 46, 1, 'gol', 3, NULL, '2026-03-22 00:33:06'),
(265, 127, 84, 1, 'gol', 3, NULL, '2026-03-22 00:33:06'),
(266, 127, 45, 2, 'gol', 4, 10, '2026-03-22 00:33:06'),
(267, 127, 45, 2, 'gol', 6, 10, '2026-03-22 00:33:06'),
(268, 128, 78, 5, 'gol', 0, 81, '2026-03-22 00:33:06'),
(269, 128, 45, 2, 'gol', 2, 10, '2026-03-22 00:33:06'),
(270, 128, 1, 5, 'gol', 8, 50, '2026-03-22 00:33:06'),
(271, 171, 48, 6, 'gol', 3, NULL, '2026-03-22 00:33:06'),
(272, 171, 127, 14, 'gol', 5, 44, '2026-03-22 00:33:06'),
(273, 172, 76, 5, 'gol', 5, 1, '2026-03-22 00:33:06'),
(274, 172, 42, 5, 'gol', 7, NULL, '2026-03-22 00:33:06'),
(275, 173, 50, 5, 'gol', 8, 76, '2026-03-22 00:33:06'),
(276, 177, 50, 5, 'gol', 1, 76, '2026-03-22 00:33:06'),
(277, 177, 50, 5, 'gol', 6, 77, '2026-03-22 00:33:06'),
(278, 177, 50, 5, 'gol', 7, NULL, '2026-03-22 00:33:06'),
(279, 178, 44, 14, 'gol', 6, 12, '2026-03-22 00:33:06'),
(280, 178, 46, 14, 'gol', 7, 44, '2026-03-22 00:33:06'),
(281, 179, 45, 13, 'gol', 2, 79, '2026-03-22 00:33:06'),
(282, 179, 46, 14, 'gol', 5, NULL, '2026-03-22 00:33:06'),
(283, 179, 79, 13, 'gol', 6, 40, '2026-03-22 00:33:06'),
(284, 181, 76, 5, 'gol', 2, NULL, '2026-03-22 00:33:06'),
(285, 181, 50, 5, 'gol', 4, 1, '2026-03-22 00:33:06'),
(286, 181, 50, 5, 'gol', 7, NULL, '2026-03-22 00:33:06'),
(287, 181, 44, 14, 'gol', 8, 51, '2026-03-22 00:33:06'),
(288, 185, 127, 13, 'gol', 2, NULL, '2026-03-22 00:33:06'),
(289, 185, 44, 14, 'gol', 2, NULL, '2026-03-22 00:33:06'),
(290, 186, 1, 5, 'gol', 1, NULL, '2026-03-22 00:33:06'),
(291, 187, 44, 14, 'gol', 2, 51, '2026-03-22 00:33:06'),
(292, 188, 53, 14, 'gol', 1, 12, '2026-03-22 00:33:06'),
(293, 188, 127, 13, 'gol', 3, 40, '2026-03-22 00:33:06'),
(294, 188, 7, 13, 'gol', 4, 45, '2026-03-22 00:33:06'),
(295, 189, 45, 13, 'gol', 1, 9, '2026-03-22 00:33:06'),
(296, 189, 55, 6, 'gol', 4, NULL, '2026-03-22 00:33:06'),
(297, 189, 9, 13, 'gol', 7, NULL, '2026-03-22 00:33:06'),
(298, 190, 1, 5, 'gol', 3, NULL, '2026-03-22 00:33:06'),
(299, 190, 8, 5, 'gol', 5, NULL, '2026-03-22 00:33:06'),
(300, 191, 121, 6, 'gol', 5, NULL, '2026-03-22 00:33:06'),
(301, 193, 55, 6, 'gol', 1, 121, '2026-03-22 00:33:06'),
(302, 193, 129, 5, 'gol', 5, NULL, '2026-03-22 00:33:06'),
(303, 194, 44, 14, 'gol', 2, 46, '2026-03-22 00:33:06'),
(304, 195, 44, 14, 'gol', 0, 51, '2026-03-22 00:33:06'),
(305, 195, 46, 14, 'gol', 3, 44, '2026-03-22 00:33:06'),
(306, 195, 53, 14, 'gol', 8, NULL, '2026-03-22 00:33:06'),
(342, 61, 81, 1, 'gol_contra', 7, NULL, '2026-03-22 00:33:06'),
(343, 127, 42, 2, 'gol_contra', 4, NULL, '2026-03-22 00:33:06'),
(348, 218, 42, 5, 'gol', 0, NULL, '2026-03-23 16:36:31'),
(349, 218, 129, 5, 'gol', 0, 42, '2026-03-23 16:36:31'),
(352, 219, 127, 5, 'gol', 0, 42, '2026-03-23 16:37:48'),
(353, 219, 8, 5, 'gol', 0, 42, '2026-03-23 16:37:48'),
(354, 229, 42, 5, 'gol', 0, 76, '2026-03-23 16:39:01'),
(355, 229, 127, 5, 'gol', 0, 42, '2026-03-23 16:39:01'),
(356, 233, 47, 13, 'gol', 3, 45, '2026-03-25 00:22:53'),
(357, 233, 46, 14, 'gol', 6, NULL, '2026-03-25 00:22:53'),
(358, 233, 44, 14, 'gol', 7, 78, '2026-03-25 00:22:53'),
(359, 234, 48, 6, 'gol', 7, NULL, '2026-03-25 00:32:06'),
(360, 235, 55, 6, 'gol', 1, 48, '2026-03-25 00:42:06'),
(361, 235, 48, 6, 'gol', 3, 55, '2026-03-25 00:42:06'),
(362, 235, 42, 5, 'gol', 4, 1, '2026-03-25 00:42:06'),
(363, 235, 48, 6, 'gol', 5, 10, '2026-03-25 00:42:06'),
(364, 235, 48, 6, 'gol', 7, NULL, '2026-03-25 00:42:06'),
(365, 235, 42, 5, 'gol', 9, NULL, '2026-03-25 00:42:06'),
(366, 236, 45, 13, 'gol', 3, 79, '2026-03-25 00:51:05'),
(367, 236, 40, 13, 'gol', 6, 81, '2026-03-25 00:51:05'),
(368, 237, 79, 13, 'gol', 9, NULL, '2026-03-25 01:01:23'),
(369, 238, 81, 13, 'gol', 1, 40, '2026-03-25 01:10:44'),
(370, 238, 127, 5, 'gol', 7, NULL, '2026-03-25 01:10:44'),
(371, 239, 48, 6, 'gol', 0, NULL, '2026-03-25 01:21:38'),
(372, 239, 78, 14, 'gol', 1, 44, '2026-03-25 01:21:38'),
(373, 239, 48, 6, 'gol', 2, 55, '2026-03-25 01:21:38'),
(374, 239, 78, 14, 'gol', 6, 46, '2026-03-25 01:21:38'),
(375, 239, 52, 6, 'gol', 9, 48, '2026-03-25 01:21:38'),
(376, 240, 45, 13, 'gol', 2, 40, '2026-03-25 01:31:29'),
(377, 240, 10, 6, 'gol', 5, NULL, '2026-03-25 01:31:29'),
(378, 240, 40, 13, 'gol', 6, 47, '2026-03-25 01:31:29'),
(379, 242, 46, 14, 'gol', 3, 12, '2026-03-25 01:52:00'),
(380, 242, 10, 6, 'gol', 5, 48, '2026-03-25 01:52:00'),
(381, 242, 55, 6, 'gol', 7, 10, '2026-03-25 01:52:00'),
(382, 243, 11, 6, 'gol', 4, NULL, '2026-03-25 02:01:33'),
(383, 243, 8, 5, 'gol', 4, NULL, '2026-03-25 02:01:33'),
(384, 243, 1, 5, 'gol', 7, 129, '2026-03-25 02:01:33'),
(385, 243, 129, 5, 'gol', 8, NULL, '2026-03-25 02:01:33');

-- --------------------------------------------------------

--
-- Estrutura para tabela `campeonato_partidas`
--

CREATE TABLE `campeonato_partidas` (
  `id` int(11) NOT NULL,
  `campeonato_id` int(11) NOT NULL,
  `rodada_id` int(11) DEFAULT NULL,
  `fase` varchar(50) NOT NULL,
  `fase_mata_mata` varchar(50) DEFAULT NULL,
  `bracket` varchar(50) DEFAULT NULL,
  `ordem_confronto` int(11) DEFAULT NULL,
  `ordem_jogo` int(11) DEFAULT NULL,
  `timeA_id` int(11) NOT NULL,
  `timeB_id` int(11) NOT NULL,
  `placar_timeA` int(11) DEFAULT 0,
  `placar_timeB` int(11) DEFAULT 0,
  `placar_penaltis_timeA` int(11) DEFAULT 0,
  `placar_penaltis_timeB` int(11) DEFAULT 0,
  `duracao_segundos` int(11) DEFAULT 0,
  `goleiro_timeA_id` int(11) DEFAULT NULL,
  `goleiro_timeB_id` int(11) DEFAULT NULL,
  `status` varchar(50) NOT NULL DEFAULT 'em_andamento',
  `fim_em` datetime DEFAULT NULL
) ENGINE=InnoDB DEFAULT CHARSET=utf8mb4 COLLATE=utf8mb4_unicode_ci;

--
-- Despejando dados para a tabela `campeonato_partidas`
--

INSERT INTO `campeonato_partidas` (`id`, `campeonato_id`, `rodada_id`, `fase`, `fase_mata_mata`, `bracket`, `ordem_confronto`, `ordem_jogo`, `timeA_id`, `timeB_id`, `placar_timeA`, `placar_timeB`, `placar_penaltis_timeA`, `placar_penaltis_timeB`, `duracao_segundos`, `goleiro_timeA_id`, `goleiro_timeB_id`, `status`, `fim_em`) VALUES
(17, 13, 21, 'fase_de_pontos', NULL, 'upper', NULL, NULL, 1, 2, 1, 0, NULL, NULL, 31, 77, 11, 'finalizada', NULL),
(18, 13, 21, 'fase_de_pontos', NULL, 'upper', NULL, NULL, 1, 5, 3, 1, NULL, NULL, 103, 77, 11, 'finalizada', NULL),
(19, 13, 21, 'fase_de_pontos', NULL, 'upper', NULL, NULL, 1, 6, 0, 0, NULL, NULL, 1, 77, 11, 'finalizada', NULL),
(20, 13, 21, 'fase_de_pontos', NULL, 'upper', NULL, NULL, 2, 5, 2, 1, NULL, NULL, 29, 77, 11, 'finalizada', NULL),
(21, 13, 21, 'fase_de_pontos', NULL, 'upper', NULL, NULL, 2, 6, 0, 2, NULL, NULL, 19, 77, 11, 'finalizada', NULL),
(22, 13, 21, 'fase_de_pontos', NULL, 'upper', NULL, NULL, 1, 6, 1, 1, NULL, NULL, 21, 77, 11, 'finalizada', NULL),
(23, 13, 21, 'fase_de_pontos', NULL, 'upper', NULL, NULL, 5, 2, 1, 1, NULL, NULL, 57, 77, 11, 'finalizada', NULL),
(25, 13, 21, 'fase_de_pontos', NULL, 'upper', NULL, NULL, 1, 6, 1, 1, NULL, NULL, 44, 77, 11, 'finalizada', NULL),
(27, 13, 21, 'fase_de_pontos', NULL, 'upper', NULL, NULL, 2, 5, 0, 2, NULL, NULL, 13, 77, 11, 'finalizada', NULL),
(29, 13, 21, 'fase_de_pontos', NULL, 'upper', NULL, NULL, 1, 5, 1, 2, NULL, NULL, 35, 77, 11, 'finalizada', NULL),
(30, 13, 21, 'fase_de_pontos', NULL, 'upper', NULL, NULL, 6, 5, 0, 2, NULL, NULL, 37, 77, 11, 'finalizada', NULL),
(34, 13, 21, 'fase_de_pontos', NULL, 'upper', NULL, NULL, 2, 5, 1, 0, NULL, NULL, 7, 77, 11, 'finalizada', NULL),
(38, 13, 23, 'fase_de_pontos', NULL, 'upper', NULL, NULL, 6, 1, 0, 0, NULL, NULL, 22, 77, 11, 'finalizada', NULL),
(39, 13, 23, 'fase_de_pontos', NULL, 'upper', NULL, NULL, 5, 2, 1, 2, NULL, NULL, 55, 77, 11, 'finalizada', NULL),
(40, 13, 23, 'fase_de_pontos', NULL, 'upper', NULL, NULL, 1, 2, 0, 1, NULL, NULL, 21, 77, 11, 'finalizada', NULL),
(41, 13, 23, 'fase_de_pontos', NULL, 'upper', NULL, NULL, 6, 2, 2, 0, NULL, NULL, 34, 77, 11, 'finalizada', NULL),
(42, 13, 23, 'fase_de_pontos', NULL, 'upper', NULL, NULL, 6, 5, 0, 1, NULL, NULL, 28, 77, 11, 'finalizada', NULL),
(43, 13, 23, 'fase_de_pontos', NULL, 'upper', NULL, NULL, 1, 5, 0, 1, NULL, NULL, 25, 77, 11, 'finalizada', NULL),
(44, 13, 23, 'fase_de_pontos', NULL, 'upper', NULL, NULL, 2, 5, 2, 1, NULL, NULL, 51, 77, 11, 'finalizada', NULL),
(45, 13, 23, 'fase_de_pontos', NULL, 'upper', NULL, NULL, 2, 6, 1, 1, NULL, NULL, 35, 77, 11, 'finalizada', NULL),
(46, 13, 23, 'fase_de_pontos', NULL, 'upper', NULL, NULL, 5, 1, 0, 1, NULL, NULL, 20, 77, 11, 'finalizada', NULL),
(47, 13, 23, 'fase_de_pontos', NULL, 'upper', NULL, NULL, 6, 1, 3, 1, NULL, NULL, 34, 77, 11, 'finalizada', NULL),
(48, 13, 23, 'fase_de_pontos', NULL, 'upper', NULL, NULL, 6, 2, 2, 1, NULL, NULL, 38, 77, 11, 'finalizada', NULL),
(49, 13, 23, 'fase_de_pontos', NULL, 'upper', NULL, NULL, 6, 5, 2, 2, NULL, NULL, 36, 77, 11, 'finalizada', NULL),
(50, 13, 22, 'fase_de_pontos', NULL, 'upper', NULL, NULL, 2, 1, 1, 3, NULL, NULL, 511, 77, 11, 'finalizada', NULL),
(51, 13, 22, 'fase_de_pontos', NULL, 'upper', NULL, NULL, 6, 1, 0, 1, NULL, NULL, 488, 77, 11, 'finalizada', NULL),
(52, 13, 22, 'fase_de_pontos', NULL, 'upper', NULL, NULL, 5, 1, 2, 0, NULL, NULL, 486, 77, 11, 'finalizada', NULL),
(53, 13, 22, 'fase_de_pontos', NULL, 'upper', NULL, NULL, 5, 2, 0, 2, NULL, NULL, 501, 77, 11, 'finalizada', NULL),
(54, 13, 22, 'fase_de_pontos', NULL, 'upper', NULL, NULL, 6, 2, 2, 1, NULL, NULL, 493, 77, 11, 'finalizada', NULL),
(55, 13, 22, 'fase_de_pontos', NULL, 'upper', NULL, NULL, 6, 1, 0, 1, NULL, NULL, 522, 77, 11, 'finalizada', NULL),
(57, 13, 22, 'fase_de_pontos', NULL, 'upper', NULL, NULL, 5, 1, 4, 0, NULL, NULL, 486, 77, 11, 'finalizada', NULL),
(58, 13, 22, 'fase_de_pontos', NULL, 'upper', NULL, NULL, 5, 2, 2, 2, NULL, NULL, 500, 77, 11, 'finalizada', NULL),
(59, 13, 22, 'fase_de_pontos', NULL, 'upper', NULL, NULL, 1, 6, 0, 0, NULL, NULL, 526, 77, 11, 'finalizada', NULL),
(60, 13, 22, 'fase_de_pontos', NULL, 'upper', NULL, NULL, 2, 5, 0, 0, NULL, NULL, 488, 77, 11, 'finalizada', NULL),
(61, 13, 22, 'fase_de_pontos', NULL, 'upper', NULL, NULL, 1, 6, 0, 3, NULL, NULL, 494, 77, 11, 'finalizada', NULL),
(62, 13, 22, 'fase_de_pontos', NULL, 'upper', NULL, NULL, 6, 5, 0, 0, NULL, NULL, 488, 77, 11, 'finalizada', NULL),
(63, 16, 34, 'fase_de_pontos', NULL, 'upper', NULL, NULL, 4, 2, 0, 0, NULL, NULL, 3, 43, 5, 'finalizada', NULL),
(64, 16, 34, 'fase_de_pontos', NULL, 'upper', NULL, NULL, 2, 3, 2, 2, NULL, NULL, 55, 43, 5, 'finalizada', NULL),
(65, 16, 34, 'fase_de_pontos', NULL, 'upper', NULL, NULL, 4, 1, 0, 0, NULL, NULL, 8, 43, 5, 'finalizada', NULL),
(66, 16, 34, 'fase_de_pontos', NULL, 'upper', NULL, NULL, 2, 3, 0, 4, NULL, NULL, 40, 43, 5, 'finalizada', NULL),
(67, 16, 34, 'fase_de_pontos', NULL, 'upper', NULL, NULL, 4, 3, 0, 1, NULL, NULL, 13, 43, 5, 'finalizada', NULL),
(68, 16, 34, 'fase_de_pontos', NULL, 'upper', NULL, NULL, 1, 3, 0, 0, NULL, NULL, 5, 43, 5, 'finalizada', NULL),
(69, 16, 34, 'fase_de_pontos', NULL, 'upper', NULL, NULL, 4, 2, 1, 0, NULL, NULL, 27, 43, 5, 'finalizada', NULL),
(70, 16, 34, 'fase_de_pontos', NULL, 'upper', NULL, NULL, 4, 3, 1, 0, NULL, NULL, 19, 43, 5, 'finalizada', NULL),
(71, 16, 34, 'fase_de_pontos', NULL, 'upper', NULL, NULL, 4, 1, 1, 1, NULL, NULL, 44, 43, 5, 'finalizada', NULL),
(72, 16, 34, 'fase_de_pontos', NULL, 'upper', NULL, NULL, 3, 2, 0, 1, NULL, NULL, 46, 43, 5, 'finalizada', NULL),
(73, 16, 34, 'fase_de_pontos', NULL, 'upper', NULL, NULL, 1, 2, 2, 1, NULL, NULL, 45, 43, 5, 'finalizada', NULL),
(74, 16, 34, 'fase_de_pontos', NULL, 'upper', NULL, NULL, 1, 4, 4, 1, NULL, NULL, 34, 43, 5, 'finalizada', NULL),
(75, 16, 38, 'fase_de_pontos', NULL, 'upper', NULL, NULL, 3, 1, 0, 0, NULL, NULL, 14, 5, 11, 'finalizada', NULL),
(76, 16, 38, 'fase_de_pontos', NULL, 'upper', NULL, NULL, 4, 2, 4, 0, NULL, NULL, 41, 77, 11, 'finalizada', NULL),
(77, 16, 38, 'fase_de_pontos', NULL, 'upper', NULL, NULL, 4, 1, 1, 3, NULL, NULL, 49, 77, 5, 'finalizada', NULL),
(78, 16, 38, 'fase_de_pontos', NULL, 'upper', NULL, NULL, 3, 1, 0, 1, NULL, NULL, 14, 11, 5, 'finalizada', NULL),
(79, 16, 38, 'fase_de_pontos', NULL, 'upper', NULL, NULL, 2, 1, 0, 0, NULL, NULL, 2, 77, 5, 'finalizada', NULL),
(80, 16, 38, 'fase_de_pontos', NULL, 'upper', NULL, NULL, 4, 3, 1, 4, NULL, NULL, 84, 77, 11, 'finalizada', NULL),
(81, 16, 38, 'fase_de_pontos', NULL, 'upper', NULL, NULL, 1, 3, 1, 0, NULL, NULL, 14, 77, 11, 'finalizada', NULL),
(82, 16, 38, 'fase_de_pontos', NULL, 'upper', NULL, NULL, 1, 2, 0, 0, NULL, NULL, 53, 77, 11, 'finalizada', NULL),
(83, 16, 38, 'fase_de_pontos', NULL, 'upper', NULL, NULL, 4, 3, 0, 0, NULL, NULL, 5, 77, 11, 'finalizada', NULL),
(84, 16, 38, 'fase_de_pontos', NULL, 'upper', NULL, NULL, 1, 2, 0, 1, NULL, NULL, 23, 77, 11, 'finalizada', NULL),
(85, 16, 38, 'fase_de_pontos', NULL, 'upper', NULL, NULL, 4, 2, 1, 2, NULL, NULL, 23, 77, 11, 'finalizada', NULL),
(86, 16, 38, 'fase_de_pontos', NULL, 'upper', NULL, NULL, 3, 2, 2, 1, NULL, NULL, 57, 77, 11, 'finalizada', NULL),
(89, 16, 40, 'fase_de_pontos', NULL, 'upper', NULL, NULL, 3, 1, 3, 1, NULL, NULL, 31, 77, 11, 'finalizada', NULL),
(90, 16, 40, 'fase_de_pontos', NULL, 'upper', NULL, NULL, 3, 4, 0, 0, NULL, NULL, 1, 77, 11, 'finalizada', NULL),
(91, 16, 40, 'fase_de_pontos', NULL, 'upper', NULL, NULL, 2, 1, 1, 2, NULL, NULL, 47, 77, 11, 'finalizada', NULL),
(92, 16, 40, 'fase_de_pontos', NULL, 'upper', NULL, NULL, 4, 1, 0, 0, NULL, NULL, 1, 77, 11, 'finalizada', NULL),
(93, 16, 40, 'fase_de_pontos', NULL, 'upper', NULL, NULL, 2, 3, 0, 2, NULL, NULL, 39, 77, 11, 'finalizada', NULL),
(94, 16, 40, 'fase_de_pontos', NULL, 'upper', NULL, NULL, 4, 3, 2, 2, NULL, NULL, 35, 77, 11, 'finalizada', NULL),
(95, 16, 40, 'fase_de_pontos', NULL, 'upper', NULL, NULL, 1, 2, 2, 0, NULL, NULL, 55, 77, 11, 'finalizada', NULL),
(96, 16, 40, 'fase_de_pontos', NULL, 'upper', NULL, NULL, 1, 3, 0, 1, NULL, NULL, 34, 77, 11, 'finalizada', NULL),
(97, 16, 40, 'fase_de_pontos', NULL, 'upper', NULL, NULL, 4, 3, 0, 1, NULL, NULL, 9, 77, 11, 'finalizada', NULL),
(98, 16, 40, 'fase_de_pontos', NULL, 'upper', NULL, NULL, 2, 3, 0, 1, NULL, NULL, 18, 77, 11, 'finalizada', NULL),
(99, 16, 40, 'fase_de_pontos', NULL, 'upper', NULL, NULL, 1, 3, 2, 0, NULL, NULL, 17, 77, 11, 'finalizada', NULL),
(100, 16, 40, 'fase_de_pontos', NULL, 'upper', NULL, NULL, 1, 4, 2, 0, NULL, NULL, 6, 77, 11, 'finalizada', NULL),
(102, 13, 44, 'fase_de_pontos', NULL, 'upper', NULL, NULL, 1, 2, 0, 0, NULL, NULL, 504, 77, 11, 'finalizada', NULL),
(103, 13, 44, 'fase_de_pontos', NULL, 'upper', NULL, NULL, 6, 5, 0, 1, NULL, NULL, 501, 77, 11, 'finalizada', NULL),
(104, 13, 44, 'fase_de_pontos', NULL, 'upper', NULL, NULL, 5, 2, 1, 1, NULL, NULL, 488, 11, 77, 'finalizada', NULL),
(105, 13, 44, 'fase_de_pontos', NULL, 'upper', NULL, NULL, 1, 6, 0, 2, NULL, NULL, 502, 77, 11, 'finalizada', NULL),
(106, 13, 44, 'fase_de_pontos', NULL, 'upper', NULL, NULL, 6, 5, 3, 0, NULL, NULL, 572, 11, 77, 'finalizada', NULL),
(107, 13, 44, 'fase_de_pontos', NULL, 'upper', NULL, NULL, 6, 2, 1, 2, NULL, NULL, 516, 11, 77, 'finalizada', NULL),
(108, 13, 44, 'fase_de_pontos', NULL, 'upper', NULL, NULL, 2, 1, 1, 2, NULL, NULL, 506, 77, 11, 'finalizada', NULL),
(109, 13, 44, 'fase_de_pontos', NULL, 'upper', NULL, NULL, 5, 1, 0, 0, NULL, NULL, 557, 77, 11, 'finalizada', NULL),
(110, 13, 44, 'fase_de_pontos', NULL, 'upper', NULL, NULL, 6, 2, 2, 1, NULL, NULL, 495, 77, 11, 'finalizada', NULL),
(111, 13, 44, 'fase_de_pontos', NULL, 'upper', NULL, NULL, 6, 1, 1, 1, NULL, NULL, 516, 77, 11, 'finalizada', NULL),
(112, 13, 44, 'fase_de_pontos', NULL, 'upper', NULL, NULL, 5, 2, 1, 1, NULL, NULL, 492, 77, 11, 'finalizada', NULL),
(116, 13, 47, 'fase_de_pontos', NULL, 'upper', NULL, NULL, 6, 1, 3, 2, NULL, NULL, 511, 77, 11, 'finalizada', NULL),
(117, 13, 47, 'fase_de_pontos', NULL, 'upper', NULL, NULL, 2, 1, 0, 2, NULL, NULL, 511, 77, 5, 'finalizada', NULL),
(118, 13, 47, 'fase_de_pontos', NULL, 'upper', NULL, NULL, 2, 5, 0, 2, NULL, NULL, 513, 11, 5, 'finalizada', NULL),
(119, 13, 47, 'fase_de_pontos', NULL, 'upper', NULL, NULL, 1, 6, 1, 0, NULL, NULL, 509, 77, 5, 'finalizada', NULL),
(120, 13, 47, 'fase_de_pontos', NULL, 'upper', NULL, NULL, 5, 6, 2, 0, NULL, NULL, 542, 77, 5, 'finalizada', NULL),
(121, 13, 47, 'fase_de_pontos', NULL, 'upper', NULL, NULL, 2, 5, 1, 1, NULL, NULL, 481, 11, 5, 'finalizada', NULL),
(122, 13, 47, 'fase_de_pontos', NULL, 'upper', NULL, NULL, 6, 1, 0, 0, NULL, NULL, 510, 77, 5, 'finalizada', NULL),
(123, 13, 47, 'fase_de_pontos', NULL, 'upper', NULL, NULL, 1, 2, 1, 3, NULL, NULL, 506, 77, 5, 'finalizada', NULL),
(124, 13, 47, 'fase_de_pontos', NULL, 'upper', NULL, NULL, 6, 2, 1, 0, NULL, NULL, 510, 77, 5, 'finalizada', NULL),
(125, 13, 47, 'fase_de_pontos', NULL, 'upper', NULL, NULL, 6, 5, 1, 1, NULL, NULL, 499, 77, 11, 'finalizada', NULL),
(126, 13, 47, 'fase_de_pontos', NULL, 'upper', NULL, NULL, 1, 5, 1, 2, NULL, NULL, 538, 77, 5, 'finalizada', NULL),
(127, 13, 47, 'fase_de_pontos', NULL, 'upper', NULL, NULL, 2, 1, 2, 3, NULL, NULL, 458, 77, 5, 'finalizada', NULL),
(128, 13, 47, 'fase_de_pontos', NULL, 'upper', NULL, NULL, 2, 5, 1, 2, NULL, NULL, 506, 77, 5, 'finalizada', NULL),
(169, 37, NULL, 'mata_mata', 'semifinal', 'upper', 1, NULL, 5, 14, 0, 0, 0, 0, 0, NULL, NULL, 'pendente', NULL),
(170, 37, NULL, 'mata_mata', 'semifinal', 'upper', 2, NULL, 6, 13, 0, 0, 0, 0, 0, NULL, NULL, 'pendente', NULL),
(171, 37, 53, 'fase_de_pontos', NULL, NULL, NULL, NULL, 6, 14, 1, 1, 0, 0, 491, 5, 77, 'finalizada', NULL),
(172, 37, 53, 'fase_de_pontos', NULL, NULL, NULL, NULL, 5, 13, 2, 0, 0, 0, 494, 5, 77, 'finalizada', NULL),
(173, 37, 53, 'fase_de_pontos', NULL, NULL, NULL, NULL, 5, 14, 1, 0, 0, 0, 558, 5, 77, 'finalizada', NULL),
(174, 37, 53, 'fase_de_pontos', NULL, NULL, NULL, NULL, 5, 6, 0, 0, 0, 0, 480, 5, 77, 'finalizada', NULL),
(176, 37, 53, 'fase_de_pontos', NULL, NULL, NULL, NULL, 13, 14, 0, 0, 0, 0, 495, 5, 77, 'finalizada', NULL),
(177, 37, 53, 'fase_de_pontos', NULL, NULL, NULL, NULL, 6, 5, 0, 3, 0, 0, 498, 5, 77, 'finalizada', NULL),
(178, 37, 53, 'fase_de_pontos', NULL, NULL, NULL, NULL, 14, 5, 2, 0, 0, 0, 547, 5, 77, 'finalizada', NULL),
(179, 37, 53, 'fase_de_pontos', NULL, NULL, NULL, NULL, 14, 13, 1, 2, 0, 0, 502, 5, 77, 'finalizada', NULL),
(180, 37, 53, 'fase_de_pontos', NULL, NULL, NULL, NULL, 6, 13, 0, 0, 0, 0, 512, 5, 77, 'finalizada', NULL),
(181, 37, 53, 'fase_de_pontos', NULL, NULL, NULL, NULL, 5, 14, 3, 1, 0, 0, 999, 5, 77, 'finalizada', NULL),
(183, 37, 54, 'fase_de_pontos', NULL, NULL, NULL, NULL, 5, 6, 0, 0, 0, 0, 510, 128, 77, 'finalizada', NULL),
(185, 37, 54, 'fase_de_pontos', NULL, NULL, NULL, NULL, 14, 13, 1, 1, 0, 0, 432, 5, 128, 'finalizada', NULL),
(186, 37, 54, 'fase_de_pontos', NULL, NULL, NULL, NULL, 5, 6, 1, 0, 0, 0, 500, 77, 77, 'finalizada', NULL),
(187, 37, 54, 'fase_de_pontos', NULL, NULL, NULL, NULL, 5, 14, 0, 1, 0, 0, 485, 77, 128, 'finalizada', NULL),
(188, 37, 54, 'fase_de_pontos', NULL, NULL, NULL, NULL, 13, 14, 3, 1, 0, 0, 501, 5, 128, 'finalizada', NULL),
(189, 37, 54, 'fase_de_pontos', NULL, NULL, NULL, NULL, 13, 6, 2, 1, 0, 0, 487, 5, 128, 'finalizada', NULL),
(190, 37, 54, 'fase_de_pontos', NULL, NULL, NULL, NULL, 13, 5, 2, 2, 0, 0, 489, 77, 128, 'finalizada', NULL),
(191, 37, 54, 'fase_de_pontos', NULL, NULL, NULL, NULL, 6, 14, 2, 0, 0, 0, 534, 5, 128, 'finalizada', NULL),
(192, 37, 54, 'fase_de_pontos', NULL, NULL, NULL, NULL, 6, 13, 1, 0, 0, 0, 492, 5, 128, 'finalizada', NULL),
(193, 37, 54, 'fase_de_pontos', NULL, NULL, NULL, NULL, 6, 5, 1, 1, 0, 0, 491, 77, 128, 'finalizada', NULL),
(194, 37, 54, 'fase_de_pontos', NULL, NULL, NULL, NULL, 14, 13, 1, 0, 0, 0, 483, 5, 128, 'finalizada', NULL),
(195, 37, 54, 'fase_de_pontos', NULL, NULL, NULL, NULL, 14, 5, 3, 0, 0, 0, 516, 77, 128, 'finalizada', NULL),
(196, 37, 55, 'futlendao', NULL, NULL, NULL, NULL, 14, 6, 1, 2, 0, 0, 496, 11, 5, 'finalizada', '2026-03-04 00:20:06'),
(197, 37, 55, 'futlendao', NULL, NULL, NULL, NULL, 13, 6, 0, 0, 0, 0, 484, 77, 5, 'finalizada', '2026-03-04 00:28:59'),
(198, 37, 55, 'futlendao', NULL, NULL, NULL, NULL, 5, 14, 2, 0, 0, 0, 493, 77, 11, 'finalizada', '2026-03-04 00:39:03'),
(200, 37, 55, 'futlendao', NULL, NULL, NULL, NULL, 5, 6, 0, 1, 0, 0, 4, 77, 5, 'finalizada', '2026-03-04 00:47:51'),
(201, 37, 55, 'futlendao', NULL, NULL, NULL, NULL, 13, 6, 1, 0, 0, 0, 487, 11, 5, 'finalizada', '2026-03-04 00:56:24'),
(202, 37, 55, 'futlendao', NULL, NULL, NULL, NULL, 13, 14, 1, 2, 0, 0, 490, 11, 77, 'finalizada', '2026-03-04 01:05:40'),
(203, 37, 55, 'futlendao', NULL, NULL, NULL, NULL, 5, 14, 1, 0, 0, 0, 503, 5, 77, 'finalizada', '2026-03-04 01:14:41'),
(204, 37, 55, 'futlendao', NULL, NULL, NULL, NULL, 5, 6, 2, 1, 0, 0, 520, 5, 11, 'finalizada', '2026-03-04 01:23:53'),
(205, 37, 55, 'futlendao', NULL, NULL, NULL, NULL, 5, 13, 1, 0, 0, 0, 516, 5, 77, 'finalizada', '2026-03-04 01:33:00'),
(206, 37, 55, 'futlendao', NULL, NULL, NULL, NULL, 5, 14, 0, 0, 0, 0, 502, 5, 11, 'finalizada', '2026-03-04 01:42:20'),
(207, 37, 55, 'futlendao', NULL, NULL, NULL, NULL, 13, 6, 3, 0, 0, 0, 497, 77, 11, 'finalizada', '2026-03-04 01:51:06'),
(208, 37, 55, 'futlendao', NULL, NULL, NULL, NULL, 13, 14, 1, 2, 0, 0, 495, 77, 5, 'finalizada', '2026-03-04 01:59:49'),
(209, 37, 55, 'futlendao', NULL, NULL, NULL, NULL, 5, 14, 2, 0, 0, 0, 571, 11, 5, 'finalizada', '2026-03-04 02:10:14'),
(218, 37, 62, 'futlendao', NULL, NULL, NULL, NULL, 6, 5, 0, 2, 0, 0, 517, 5, 11, 'finalizada', '2026-03-18 00:23:01'),
(219, 37, 62, 'futlendao', NULL, NULL, NULL, NULL, 14, 5, 0, 2, 0, 0, 497, 77, 11, 'finalizada', '2026-03-18 00:32:38'),
(220, 37, 62, 'futlendao', NULL, NULL, NULL, NULL, 13, 5, 1, 0, 0, 0, 502, 77, 11, 'finalizada', '2026-03-18 00:41:33'),
(221, 37, 62, 'futlendao', NULL, NULL, NULL, NULL, 13, 6, 2, 2, 0, 0, 500, 77, 11, 'finalizada', '2026-03-18 00:50:47'),
(222, 37, 62, 'futlendao', NULL, NULL, NULL, NULL, 14, 5, 2, 0, 0, 0, 489, 5, 11, 'finalizada', '2026-03-18 01:00:20'),
(223, 37, 62, 'futlendao', NULL, NULL, NULL, NULL, 14, 13, 1, 1, 0, 0, 508, 5, 11, 'finalizada', '2026-03-18 01:09:50'),
(224, 37, 62, 'futlendao', NULL, NULL, NULL, NULL, 6, 5, 3, 0, 0, 0, 560, 11, 77, 'finalizada', '2026-03-18 01:19:42'),
(225, 37, 62, 'futlendao', NULL, NULL, NULL, NULL, 6, 14, 5, 0, 0, 0, 517, 11, 5, 'finalizada', '2026-03-18 01:28:55'),
(226, 37, 62, 'futlendao', NULL, NULL, NULL, NULL, 6, 13, 2, 0, 0, 0, 532, 11, 77, 'finalizada', '2026-03-18 01:38:17'),
(227, 37, 62, 'futlendao', NULL, NULL, NULL, NULL, 6, 5, 1, 1, 0, 0, 496, 11, 5, 'finalizada', '2026-03-18 01:47:29'),
(228, 37, 62, 'futlendao', NULL, NULL, NULL, NULL, 14, 13, 1, 1, 0, 0, 496, 11, 5, 'finalizada', '2026-03-18 01:57:17'),
(229, 37, 62, 'futlendao', NULL, NULL, NULL, NULL, 6, 5, 0, 2, 0, 0, 490, 11, 5, 'finalizada', '2026-03-18 02:06:06'),
(233, 37, 66, 'futlendao', NULL, NULL, NULL, NULL, 14, 13, 2, 1, 0, 0, 504, 11, 77, 'finalizada', '2026-03-25 00:22:53'),
(234, 37, 66, 'futlendao', NULL, NULL, NULL, NULL, 14, 6, 0, 1, 0, 0, 522, 11, 5, 'finalizada', '2026-03-25 00:32:06'),
(235, 37, 66, 'futlendao', NULL, NULL, NULL, NULL, 5, 6, 2, 4, 0, 0, 543, 11, 77, 'finalizada', '2026-03-25 00:42:06'),
(236, 37, 66, 'futlendao', NULL, NULL, NULL, NULL, 13, 6, 2, 0, 0, 0, 408, 11, 77, 'finalizada', '2026-03-25 00:51:05'),
(237, 37, 66, 'futlendao', NULL, NULL, NULL, NULL, 13, 14, 1, 0, 0, 0, 572, 11, 5, 'finalizada', '2026-03-25 01:01:23'),
(238, 37, 66, 'futlendao', NULL, NULL, NULL, NULL, 13, 5, 1, 1, 0, 0, 522, 11, 77, 'finalizada', '2026-03-25 01:10:44'),
(239, 37, 66, 'futlendao', NULL, NULL, NULL, NULL, 14, 6, 2, 3, 0, 0, 585, 5, 77, 'finalizada', '2026-03-25 01:21:38'),
(240, 37, 66, 'futlendao', NULL, NULL, NULL, NULL, 13, 6, 2, 1, 0, 0, 493, 11, 77, 'finalizada', '2026-03-25 01:31:29'),
(241, 37, 66, 'futlendao', NULL, NULL, NULL, NULL, 13, 5, 0, 0, 0, 0, 432, 11, 5, 'finalizada', '2026-03-25 01:41:15'),
(242, 37, 66, 'futlendao', NULL, NULL, NULL, NULL, 6, 14, 2, 1, 0, 0, 510, 11, 5, 'finalizada', '2026-03-25 01:52:00'),
(243, 37, 66, 'futlendao', NULL, NULL, NULL, NULL, 6, 5, 1, 3, 0, 0, 524, 11, 5, 'finalizada', '2026-03-25 02:01:33');

-- --------------------------------------------------------

--
-- Estrutura para tabela `campeonato_premios`
--

CREATE TABLE `campeonato_premios` (
  `id` int(11) NOT NULL,
  `campeonato_id` int(11) NOT NULL,
  `jogador_id` int(11) NOT NULL,
  `tipo_premio` varchar(100) NOT NULL,
  `valor` varchar(255) NOT NULL
) ENGINE=InnoDB DEFAULT CHARSET=utf8mb4 COLLATE=utf8mb4_unicode_ci;

--
-- Despejando dados para a tabela `campeonato_premios`
--

INSERT INTO `campeonato_premios` (`id`, `campeonato_id`, `jogador_id`, `tipo_premio`, `valor`) VALUES
(1, 13, 48, 'artilheiro', '11 Gols'),
(2, 13, 48, 'assistencias', '10 Assists');

-- --------------------------------------------------------

--
-- Estrutura para tabela `campeonato_rodada_elencos`
--

CREATE TABLE `campeonato_rodada_elencos` (
  `id` int(11) NOT NULL,
  `rodada_id` int(11) NOT NULL,
  `time_id` int(11) NOT NULL,
  `jogador_id` int(11) NOT NULL,
  `jogador_original_id` int(11) DEFAULT NULL,
  `is_capitao` tinyint(1) DEFAULT 0
) ENGINE=InnoDB DEFAULT CHARSET=utf8mb4 COLLATE=utf8mb4_unicode_ci;

--
-- Despejando dados para a tabela `campeonato_rodada_elencos`
--

INSERT INTO `campeonato_rodada_elencos` (`id`, `rodada_id`, `time_id`, `jogador_id`, `jogador_original_id`, `is_capitao`) VALUES
(187, 21, 6, 9, NULL, 0),
(188, 21, 6, 41, NULL, 0),
(189, 21, 6, 48, NULL, 1),
(190, 21, 6, 51, NULL, 0),
(191, 21, 6, 52, NULL, 0),
(192, 21, 6, 53, NULL, 0),
(193, 21, 1, 8, NULL, 0),
(194, 21, 1, 44, NULL, 0),
(195, 21, 1, 46, NULL, 1),
(196, 21, 1, 54, NULL, 0),
(197, 21, 1, 55, NULL, 0),
(198, 21, 1, 78, NULL, 0),
(199, 21, 5, 1, NULL, 1),
(200, 21, 5, 2, NULL, 0),
(201, 21, 5, 6, NULL, 0),
(202, 21, 5, 7, NULL, 0),
(203, 21, 5, 40, NULL, 0),
(204, 21, 5, 50, NULL, 0),
(205, 21, 2, 3, NULL, 0),
(206, 21, 2, 10, NULL, 0),
(207, 21, 2, 79, NULL, 0),
(208, 21, 2, 42, NULL, 1),
(209, 21, 2, 5, NULL, 0),
(210, 21, 2, 49, NULL, 0),
(211, 22, 6, 9, NULL, 0),
(212, 22, 6, 41, NULL, 0),
(213, 22, 6, 48, NULL, 1),
(214, 22, 6, 51, NULL, 0),
(216, 22, 6, 53, NULL, 0),
(217, 22, 1, 8, NULL, 0),
(218, 22, 1, 44, NULL, 0),
(219, 22, 1, 46, NULL, 1),
(220, 22, 1, 54, NULL, 0),
(221, 22, 1, 55, NULL, 0),
(222, 22, 1, 81, NULL, 0),
(223, 22, 5, 1, NULL, 1),
(224, 22, 5, 2, NULL, 0),
(225, 22, 5, 43, NULL, 0),
(226, 22, 5, 7, NULL, 0),
(227, 22, 5, 78, NULL, 0),
(228, 22, 5, 50, NULL, 0),
(229, 22, 2, 3, NULL, 0),
(230, 22, 2, 10, NULL, 0),
(231, 22, 2, 39, NULL, 0),
(232, 22, 2, 42, NULL, 1),
(233, 22, 2, 45, NULL, 0),
(234, 22, 2, 49, NULL, 0),
(235, 23, 6, 9, NULL, 0),
(236, 23, 6, 41, NULL, 0),
(237, 23, 6, 48, NULL, 1),
(238, 23, 6, 51, NULL, 0),
(239, 23, 6, 52, NULL, 0),
(240, 23, 6, 53, NULL, 0),
(241, 23, 1, 8, NULL, 0),
(242, 23, 1, 44, NULL, 0),
(243, 23, 1, 81, NULL, 1),
(244, 23, 1, 54, NULL, 0),
(245, 23, 1, 55, NULL, 0),
(246, 23, 1, 76, NULL, 0),
(247, 23, 5, 1, NULL, 1),
(248, 23, 5, 2, NULL, 0),
(249, 23, 5, 6, NULL, 0),
(250, 23, 5, 7, NULL, 0),
(251, 23, 5, 12, NULL, 0),
(252, 23, 5, 78, NULL, 0),
(253, 23, 2, 3, NULL, 0),
(254, 23, 2, 10, NULL, 0),
(255, 23, 2, 39, NULL, 0),
(256, 23, 2, 42, NULL, 1),
(258, 23, 2, 49, NULL, 0),
(357, 38, 1, 1, NULL, 0),
(358, 38, 1, 7, NULL, 0),
(359, 38, 1, 8, NULL, 0),
(360, 38, 1, 41, NULL, 0),
(361, 38, 1, 46, NULL, 1),
(362, 38, 1, 43, NULL, 0),
(363, 38, 2, 2, NULL, 0),
(364, 38, 2, 78, NULL, 0),
(365, 38, 2, 9, NULL, 0),
(366, 38, 2, 42, NULL, 1),
(367, 38, 2, 51, NULL, 0),
(369, 38, 3, 3, NULL, 0),
(370, 38, 3, 40, NULL, 0),
(371, 38, 3, 47, NULL, 1),
(372, 38, 3, 54, NULL, 0),
(373, 38, 3, 76, NULL, 0),
(374, 38, 3, 45, NULL, 0),
(375, 38, 4, 10, NULL, 1),
(376, 38, 4, 39, NULL, 0),
(377, 38, 4, 44, NULL, 0),
(378, 38, 4, 50, NULL, 0),
(379, 38, 4, 52, NULL, 0),
(380, 38, 4, 55, NULL, 0),
(405, 40, 1, 1, NULL, 0),
(406, 40, 1, 7, NULL, 0),
(407, 40, 1, 8, NULL, 0),
(408, 40, 1, 41, NULL, 0),
(409, 40, 1, 46, NULL, 1),
(410, 40, 1, 49, NULL, 0),
(411, 40, 2, 2, NULL, 0),
(412, 40, 2, 6, NULL, 0),
(413, 40, 2, 9, NULL, 0),
(414, 40, 2, 42, NULL, 1),
(415, 40, 2, 51, NULL, 0),
(416, 40, 2, 43, NULL, 0),
(417, 40, 3, 3, NULL, 0),
(418, 40, 3, 45, NULL, 0),
(419, 40, 3, 47, NULL, 1),
(420, 40, 3, 54, NULL, 0),
(421, 40, 3, 76, NULL, 0),
(422, 40, 3, 5, NULL, 0),
(423, 40, 4, 10, NULL, 1),
(424, 40, 4, 39, NULL, 0),
(425, 40, 4, 44, NULL, 0),
(426, 40, 4, 50, NULL, 0),
(427, 40, 4, 52, NULL, 0),
(428, 40, 4, 55, NULL, 0),
(478, 44, 6, 9, NULL, 0),
(479, 44, 6, 41, NULL, 0),
(480, 44, 6, 48, NULL, 1),
(481, 44, 6, 51, NULL, 0),
(482, 44, 6, 52, NULL, 0),
(483, 44, 6, 53, NULL, 0),
(484, 44, 1, 8, NULL, 0),
(485, 44, 1, 44, NULL, 0),
(486, 44, 1, 81, NULL, 1),
(487, 44, 1, 54, NULL, 0),
(488, 44, 1, 55, NULL, 0),
(489, 44, 1, 76, NULL, 0),
(490, 44, 5, 1, NULL, 1),
(491, 44, 5, 2, NULL, 0),
(492, 44, 5, 5, NULL, 0),
(493, 44, 5, 7, NULL, 0),
(494, 44, 5, 85, NULL, 0),
(495, 44, 5, 50, NULL, 0),
(496, 44, 2, 3, NULL, 0),
(497, 44, 2, 84, NULL, 0),
(498, 44, 2, 39, NULL, 0),
(499, 44, 2, 42, NULL, 1),
(500, 44, 2, 45, NULL, 0),
(501, 44, 2, 78, NULL, 0),
(550, 47, 6, 9, NULL, 0),
(551, 47, 6, 41, NULL, 0),
(552, 47, 6, 48, NULL, 1),
(553, 47, 6, 51, NULL, 0),
(554, 47, 6, 40, NULL, 0),
(555, 47, 6, 53, NULL, 0),
(556, 47, 1, 8, NULL, 0),
(557, 47, 1, 44, NULL, 0),
(558, 47, 1, 46, NULL, 1),
(559, 47, 1, 54, NULL, 0),
(560, 47, 1, 84, NULL, 0),
(561, 47, 1, 76, NULL, 0),
(562, 47, 5, 1, NULL, 1),
(563, 47, 5, 2, NULL, 0),
(564, 47, 5, 81, NULL, 0),
(565, 47, 5, 7, NULL, 0),
(566, 47, 5, 78, NULL, 0),
(567, 47, 5, 50, NULL, 0),
(568, 47, 2, 3, NULL, 0),
(569, 47, 2, 10, NULL, 0),
(570, 47, 2, 39, NULL, 0),
(571, 47, 2, 42, NULL, 1),
(572, 47, 2, 45, NULL, 0),
(573, 47, 2, 86, NULL, 0),
(667, 53, 14, 3, NULL, 0),
(668, 53, 14, 12, NULL, 0),
(669, 53, 14, 44, NULL, 0),
(670, 53, 14, 46, NULL, 0),
(671, 53, 14, 51, NULL, 0),
(672, 53, 14, 127, NULL, 1),
(673, 53, 13, 9, NULL, 0),
(674, 53, 13, 40, NULL, 0),
(675, 53, 13, 41, NULL, 0),
(676, 53, 13, 45, NULL, 0),
(677, 53, 13, 79, NULL, 0),
(679, 53, 5, 1, NULL, 1),
(680, 53, 5, 8, NULL, 0),
(681, 53, 5, 42, NULL, 0),
(682, 53, 5, 50, NULL, 0),
(683, 53, 5, 54, NULL, 0),
(684, 53, 5, 76, NULL, 0),
(685, 53, 6, 2, NULL, 0),
(686, 53, 6, 6, NULL, 0),
(687, 53, 6, 48, NULL, 1),
(688, 53, 6, 52, NULL, 0),
(689, 53, 6, 55, NULL, 0),
(698, 54, 14, 3, NULL, 0),
(699, 54, 14, 12, NULL, 0),
(700, 54, 14, 44, NULL, 0),
(701, 54, 14, 46, NULL, 0),
(702, 54, 14, 51, NULL, 0),
(703, 54, 14, 53, NULL, 1),
(704, 54, 13, 9, NULL, 0),
(705, 54, 13, 40, NULL, 0),
(706, 54, 13, 127, NULL, 0),
(707, 54, 13, 45, NULL, 0),
(708, 54, 13, 7, NULL, 0),
(710, 54, 5, 1, NULL, 1),
(711, 54, 5, 8, NULL, 0),
(712, 54, 5, 42, NULL, 0),
(713, 54, 5, 129, NULL, 0),
(714, 54, 5, 54, NULL, 0),
(715, 54, 5, 130, NULL, 0),
(716, 54, 6, 2, NULL, 0),
(717, 54, 6, 78, NULL, 0),
(718, 54, 6, 121, NULL, 1),
(719, 54, 6, 52, NULL, 0),
(720, 54, 6, 55, NULL, 0),
(729, 55, 14, 3, NULL, 0),
(730, 55, 14, 12, NULL, 0),
(731, 55, 14, 44, NULL, 0),
(732, 55, 14, 46, NULL, 0),
(733, 55, 14, 51, NULL, 0),
(734, 55, 14, 53, NULL, 1),
(735, 55, 13, 9, NULL, 0),
(736, 55, 13, 40, NULL, 0),
(737, 55, 13, 41, NULL, 0),
(738, 55, 13, 45, NULL, 0),
(739, 55, 13, 78, NULL, 0),
(740, 55, 13, 81, NULL, 0),
(741, 55, 5, 1, NULL, 1),
(742, 55, 5, 8, NULL, 0),
(743, 55, 5, 42, NULL, 0),
(744, 55, 5, 50, NULL, 0),
(745, 55, 5, 54, NULL, 0),
(746, 55, 5, 76, NULL, 0),
(747, 55, 6, 2, NULL, 0),
(748, 55, 6, 6, NULL, 0),
(749, 55, 6, 47, NULL, 0),
(750, 55, 6, 52, NULL, 0),
(751, 55, 6, 55, NULL, 0),
(752, 55, 6, 130, NULL, 0),
(753, 55, 14, 11, NULL, 0),
(754, 55, 6, 5, NULL, 0),
(755, 55, 13, 77, NULL, 0),
(853, 62, 14, 3, NULL, 0),
(854, 62, 14, 12, NULL, 0),
(855, 62, 14, 44, NULL, 0),
(856, 62, 14, 78, 46, 0),
(857, 62, 14, 51, NULL, 0),
(858, 62, 14, 53, NULL, 1),
(859, 62, 13, 9, NULL, 0),
(860, 62, 13, 40, NULL, 0),
(861, 62, 13, 45, NULL, 0),
(862, 62, 13, 79, NULL, 0),
(863, 62, 5, 127, 1, 0),
(864, 62, 5, 8, NULL, 0),
(865, 62, 5, 42, NULL, 0),
(866, 62, 5, 129, 50, 0),
(867, 62, 5, 54, NULL, 0),
(868, 62, 5, 76, NULL, 0),
(869, 62, 6, 2, NULL, 0),
(870, 62, 6, 6, NULL, 0),
(871, 62, 6, 48, NULL, 1),
(872, 62, 6, 52, NULL, 0),
(873, 62, 6, 55, NULL, 0),
(874, 62, 13, 81, NULL, 0),
(875, 62, 6, 10, NULL, 0),
(876, 62, 13, 47, NULL, 0),
(925, 66, 14, 3, NULL, 0),
(926, 66, 14, 12, NULL, 0),
(927, 66, 14, 44, NULL, 0),
(928, 66, 14, 46, NULL, 0),
(929, 66, 14, 78, 51, 0),
(930, 66, 14, 130, 53, 0),
(931, 66, 13, 9, NULL, 0),
(932, 66, 13, 40, NULL, 0),
(933, 66, 13, 45, NULL, 0),
(934, 66, 13, 79, NULL, 0),
(935, 66, 5, 1, NULL, 1),
(936, 66, 5, 8, NULL, 0),
(937, 66, 5, 42, NULL, 0),
(938, 66, 5, 129, 50, 0),
(939, 66, 5, 127, 54, 0),
(940, 66, 5, 76, NULL, 0),
(941, 66, 6, 2, NULL, 0),
(942, 66, 6, 6, NULL, 0),
(943, 66, 6, 48, NULL, 1),
(944, 66, 6, 52, NULL, 0),
(945, 66, 6, 55, NULL, 0),
(946, 66, 13, 81, NULL, 0),
(947, 66, 6, 10, NULL, 0),
(948, 66, 13, 47, NULL, 0);

-- --------------------------------------------------------

--
-- Estrutura para tabela `campeonato_times`
--

CREATE TABLE `campeonato_times` (
  `campeonato_id` int(11) NOT NULL,
  `time_id` int(11) NOT NULL
) ENGINE=InnoDB DEFAULT CHARSET=utf8mb4 COLLATE=utf8mb4_unicode_ci;

--
-- Despejando dados para a tabela `campeonato_times`
--

INSERT INTO `campeonato_times` (`campeonato_id`, `time_id`) VALUES
(13, 1),
(16, 1),
(13, 2),
(16, 2),
(16, 3),
(16, 4),
(13, 5),
(37, 5),
(13, 6),
(37, 6),
(37, 13),
(37, 14);

-- --------------------------------------------------------

--
-- Estrutura para tabela `campeonato_vencedores`
--

CREATE TABLE `campeonato_vencedores` (
  `campeonato_id` int(11) NOT NULL,
  `jogador_id` int(11) NOT NULL
) ENGINE=InnoDB DEFAULT CHARSET=utf8mb4 COLLATE=utf8mb4_unicode_ci;

--
-- Despejando dados para a tabela `campeonato_vencedores`
--

INSERT INTO `campeonato_vencedores` (`campeonato_id`, `jogador_id`) VALUES
(13, 1),
(16, 1),
(13, 2),
(13, 6),
(13, 7),
(16, 7),
(16, 8),
(16, 41),
(16, 46),
(13, 47),
(16, 49),
(13, 50);

-- --------------------------------------------------------

--
-- Estrutura para tabela `cartolendas_capitao`
--

CREATE TABLE `cartolendas_capitao` (
  `id` int(11) NOT NULL,
  `cartolendas_time_id` int(11) NOT NULL,
  `jogador_id` int(11) NOT NULL,
  `rodada_id` int(11) NOT NULL
) ENGINE=InnoDB DEFAULT CHARSET=utf8mb4 COLLATE=utf8mb4_general_ci;

--
-- Despejando dados para a tabela `cartolendas_capitao`
--

INSERT INTO `cartolendas_capitao` (`id`, `cartolendas_time_id`, `jogador_id`, `rodada_id`) VALUES
(2, 3, 50, 62),
(3, 4, 50, 62),
(7, 9, 50, 62),
(9, 14, 45, 67),
(10, 15, 50, 67),
(12, 18, 48, 67);

-- --------------------------------------------------------

--
-- Estrutura para tabela `cartolendas_chat`
--

CREATE TABLE `cartolendas_chat` (
  `id` int(11) NOT NULL,
  `liga_id` int(11) NOT NULL,
  `usuario_id` int(11) NOT NULL,
  `mensagem` text NOT NULL,
  `created_at` timestamp NULL DEFAULT CURRENT_TIMESTAMP
) ENGINE=InnoDB DEFAULT CHARSET=utf8mb4 COLLATE=utf8mb4_general_ci;

--
-- Despejando dados para a tabela `cartolendas_chat`
--

INSERT INTO `cartolendas_chat` (`id`, `liga_id`, `usuario_id`, `mensagem`, `created_at`) VALUES
(1, 3, 2, 'testando esse chat aqui', '2026-03-24 22:25:59');

-- --------------------------------------------------------

--
-- Estrutura para tabela `cartolendas_divisoes`
--

CREATE TABLE `cartolendas_divisoes` (
  `id` int(10) UNSIGNED NOT NULL,
  `nome` varchar(50) NOT NULL,
  `pontos_min` int(11) NOT NULL DEFAULT 0,
  `pontos_max` int(11) DEFAULT NULL,
  `icone` varchar(10) NOT NULL DEFAULT '?',
  `cor_hex` varchar(7) NOT NULL DEFAULT '#cd7f32',
  `created_at` timestamp NULL DEFAULT CURRENT_TIMESTAMP
) ENGINE=InnoDB DEFAULT CHARSET=utf8mb4 COLLATE=utf8mb4_general_ci;

--
-- Despejando dados para a tabela `cartolendas_divisoes`
--

INSERT INTO `cartolendas_divisoes` (`id`, `nome`, `pontos_min`, `pontos_max`, `icone`, `cor_hex`, `created_at`) VALUES
(1, 'Bronze', 0, 99, '🟤', '#cd7f32', '2026-03-05 21:05:35'),
(2, 'Prata', 100, 249, '⚪', '#c0c0c0', '2026-03-05 21:05:35'),
(3, 'Ouro', 250, 499, '🟡', '#ffd700', '2026-03-05 21:05:35'),
(4, 'Lenda', 500, NULL, '💜', '#8b5cf6', '2026-03-05 21:05:35'),
(5, 'Bronze', 0, 99, '🟤', '#cd7f32', '2026-03-05 21:13:28'),
(6, 'Prata', 100, 249, '⚪', '#c0c0c0', '2026-03-05 21:13:28'),
(7, 'Ouro', 250, 499, '🟡', '#ffd700', '2026-03-05 21:13:28'),
(8, 'Lenda', 500, NULL, '💜', '#8b5cf6', '2026-03-05 21:13:28'),
(9, 'Bronze', 0, 99, '🟤', '#cd7f32', '2026-03-05 21:14:25'),
(10, 'Prata', 100, 249, '⚪', '#c0c0c0', '2026-03-05 21:14:25'),
(11, 'Ouro', 250, 499, '🟡', '#ffd700', '2026-03-05 21:14:25'),
(12, 'Lenda', 500, NULL, '💜', '#8b5cf6', '2026-03-05 21:14:25');

-- --------------------------------------------------------

--
-- Estrutura para tabela `cartolendas_draft`
--

CREATE TABLE `cartolendas_draft` (
  `id` int(11) NOT NULL,
  `liga_id` int(11) NOT NULL,
  `usuario_id` int(11) NOT NULL,
  `jogador_id` int(11) NOT NULL,
  `ordem_pick` int(11) NOT NULL,
  `rodada_ref` int(11) NOT NULL,
  `created_at` timestamp NULL DEFAULT CURRENT_TIMESTAMP
) ENGINE=InnoDB DEFAULT CHARSET=utf8mb4 COLLATE=utf8mb4_general_ci;

-- --------------------------------------------------------

--
-- Estrutura para tabela `cartolendas_escalacao`
--

CREATE TABLE `cartolendas_escalacao` (
  `id` int(11) NOT NULL,
  `cartolendas_time_id` int(11) NOT NULL,
  `jogador_id` int(11) NOT NULL,
  `posicao` enum('goleiro','linha') NOT NULL DEFAULT 'linha',
  `eh_reserva` tinyint(1) NOT NULL DEFAULT 0,
  `preco_na_escalacao` decimal(8,2) NOT NULL DEFAULT 0.00,
  `pontos_obtidos` decimal(8,2) NOT NULL DEFAULT 0.00,
  `jogou` tinyint(1) NOT NULL DEFAULT 0,
  `substituido_por_id` int(11) DEFAULT NULL,
  `created_at` timestamp NULL DEFAULT CURRENT_TIMESTAMP,
  `preco_apos_rodada` decimal(10,2) DEFAULT NULL
) ENGINE=InnoDB DEFAULT CHARSET=utf8mb4 COLLATE=utf8mb4_general_ci;

--
-- Despejando dados para a tabela `cartolendas_escalacao`
--

INSERT INTO `cartolendas_escalacao` (`id`, `cartolendas_time_id`, `jogador_id`, `posicao`, `eh_reserva`, `preco_na_escalacao`, `pontos_obtidos`, `jogou`, `substituido_por_id`, `created_at`, `preco_apos_rodada`) VALUES
(52, 8, 6, 'linha', 0, 10.00, 10.50, 1, NULL, '2026-03-17 15:58:34', 6.19),
(53, 8, 47, 'linha', 0, 10.00, 6.50, 1, NULL, '2026-03-17 15:58:34', 6.25),
(54, 8, 44, 'linha', 0, 10.00, 6.00, 1, NULL, '2026-03-17 15:58:34', 9.59),
(55, 8, 48, 'linha', 0, 10.00, 15.00, 1, NULL, '2026-03-17 15:58:34', 13.86),
(56, 8, 10, 'linha', 0, 10.00, 16.00, 1, NULL, '2026-03-17 15:58:34', 8.62),
(57, 8, 50, 'linha', 0, 10.00, 8.50, 1, NULL, '2026-03-17 15:58:34', 13.04),
(58, 8, 42, 'linha', 1, 10.00, 15.50, 1, NULL, '2026-03-17 15:58:34', 12.12),
(59, 8, 5, 'goleiro', 0, 10.00, 0.00, 0, 42, '2026-03-17 15:58:34', 10.00),
(74, 9, 5, 'goleiro', 0, 10.00, 5.50, 1, NULL, '2026-03-17 20:38:45', 10.00),
(75, 9, 10, 'linha', 0, 10.00, 16.00, 1, NULL, '2026-03-17 20:38:45', 8.62),
(76, 9, 12, 'linha', 0, 10.00, 4.50, 1, NULL, '2026-03-17 20:38:45', 5.00),
(77, 9, 42, 'linha', 0, 10.00, 15.50, 1, NULL, '2026-03-17 20:38:45', 12.12),
(78, 9, 47, 'linha', 0, 10.00, 6.50, 1, NULL, '2026-03-17 20:38:45', 6.25),
(79, 9, 50, 'linha', 0, 10.00, 17.00, 1, NULL, '2026-03-17 20:38:45', 13.04),
(80, 9, 53, 'linha', 0, 10.00, 4.50, 1, NULL, '2026-03-17 20:38:45', 8.12),
(81, 3, 5, 'goleiro', 0, 10.00, 0.00, 0, 54, '2026-03-17 21:03:09', 10.00),
(82, 3, 1, 'linha', 0, 10.00, 10.00, 1, NULL, '2026-03-17 21:03:09', 24.50),
(83, 3, 42, 'linha', 0, 10.00, 15.50, 1, NULL, '2026-03-17 21:03:09', 12.12),
(84, 3, 44, 'linha', 0, 10.00, 6.00, 1, NULL, '2026-03-17 21:03:09', 9.59),
(85, 3, 50, 'linha', 0, 10.00, 17.00, 1, NULL, '2026-03-17 21:03:09', 13.04),
(86, 3, 54, 'linha', 1, 10.00, 8.50, 1, NULL, '2026-03-17 21:03:09', 13.59),
(87, 3, 48, 'linha', 0, 10.00, 15.00, 1, NULL, '2026-03-17 21:03:09', 13.86),
(88, 3, 81, 'linha', 0, 10.00, 8.00, 1, NULL, '2026-03-17 21:03:09', 8.20),
(89, 4, 5, 'goleiro', 0, 10.00, 5.50, 1, NULL, '2026-03-17 22:19:26', 10.00),
(90, 4, 3, 'linha', 0, 10.00, 3.50, 1, NULL, '2026-03-17 22:19:26', 5.00),
(91, 4, 47, 'linha', 0, 10.00, 6.50, 1, NULL, '2026-03-17 22:19:26', 6.25),
(92, 4, 48, 'linha', 0, 10.00, 15.00, 1, NULL, '2026-03-17 22:19:26', 13.86),
(93, 4, 54, 'linha', 0, 10.00, 8.50, 1, NULL, '2026-03-17 22:19:26', 13.59),
(94, 4, 76, 'linha', 0, 10.00, 8.00, 1, NULL, '2026-03-17 22:19:26', 10.85),
(95, 4, 53, 'linha', 0, 10.00, 4.50, 1, NULL, '2026-03-17 22:19:26', 8.12),
(104, 15, 3, 'linha', 0, 5.00, 0.00, 0, NULL, '2026-03-24 16:30:53', NULL),
(105, 15, 48, 'linha', 0, 13.86, 0.00, 0, NULL, '2026-03-24 16:30:53', NULL),
(106, 15, 11, 'goleiro', 0, 10.00, 0.00, 0, NULL, '2026-03-24 16:30:53', NULL),
(107, 15, 10, 'linha', 0, 8.62, 0.00, 0, NULL, '2026-03-24 16:30:53', NULL),
(108, 15, 1, 'linha', 0, 24.50, 0.00, 0, NULL, '2026-03-24 16:30:53', NULL),
(109, 15, 50, 'linha', 0, 13.04, 0.00, 0, NULL, '2026-03-24 16:30:53', NULL),
(110, 15, 42, 'linha', 0, 12.12, 0.00, 0, NULL, '2026-03-24 16:30:53', NULL),
(111, 14, 1, 'linha', 0, 24.50, 0.00, 0, NULL, '2026-03-24 20:20:18', NULL),
(112, 14, 42, 'linha', 0, 12.12, 0.00, 0, NULL, '2026-03-24 20:20:18', NULL),
(113, 14, 44, 'linha', 0, 9.59, 0.00, 0, NULL, '2026-03-24 20:20:18', NULL),
(114, 14, 45, 'linha', 0, 8.59, 0.00, 0, NULL, '2026-03-24 20:20:18', NULL),
(115, 14, 48, 'linha', 0, 13.86, 0.00, 0, NULL, '2026-03-24 20:20:18', NULL),
(116, 14, 76, 'linha', 0, 10.85, 0.00, 0, NULL, '2026-03-24 20:20:18', NULL),
(117, 14, 55, 'linha', 1, 8.60, 0.00, 0, NULL, '2026-03-24 20:20:18', NULL),
(118, 14, 11, 'goleiro', 0, 10.00, 0.00, 0, NULL, '2026-03-24 20:20:18', NULL),
(119, 17, 6, 'linha', 0, 6.19, 0.00, 0, NULL, '2026-03-24 20:39:10', NULL),
(120, 17, 48, 'linha', 0, 13.86, 0.00, 0, NULL, '2026-03-24 20:39:10', NULL),
(121, 17, 42, 'linha', 0, 12.12, 0.00, 0, NULL, '2026-03-24 20:39:10', NULL),
(122, 17, 44, 'linha', 0, 9.59, 0.00, 0, NULL, '2026-03-24 20:39:10', NULL),
(123, 17, 46, 'linha', 0, 20.11, 0.00, 0, NULL, '2026-03-24 20:39:10', NULL),
(124, 17, 10, 'linha', 0, 8.62, 0.00, 0, NULL, '2026-03-24 20:39:10', NULL),
(125, 17, 5, 'goleiro', 0, 10.00, 0.00, 0, NULL, '2026-03-24 20:39:10', NULL),
(126, 18, 12, 'linha', 0, 5.00, 0.00, 0, NULL, '2026-03-24 20:54:11', NULL),
(127, 18, 48, 'linha', 0, 13.86, 0.00, 0, NULL, '2026-03-24 20:54:11', NULL),
(128, 18, 47, 'linha', 0, 6.25, 0.00, 0, NULL, '2026-03-24 20:54:11', NULL),
(129, 18, 11, 'goleiro', 0, 10.00, 0.00, 0, NULL, '2026-03-24 20:54:11', NULL),
(130, 18, 10, 'linha', 0, 8.62, 0.00, 0, NULL, '2026-03-24 20:54:11', NULL),
(131, 18, 42, 'linha', 0, 12.12, 0.00, 0, NULL, '2026-03-24 20:54:11', NULL),
(132, 18, 76, 'linha', 0, 10.85, 0.00, 0, NULL, '2026-03-24 20:54:11', NULL);

-- --------------------------------------------------------

--
-- Estrutura para tabela `cartolendas_historico_precos`
--

CREATE TABLE `cartolendas_historico_precos` (
  `id` int(11) NOT NULL,
  `jogador_id` int(11) NOT NULL,
  `rodada_id` int(11) NOT NULL,
  `preco_antes` decimal(8,2) NOT NULL,
  `preco_depois` decimal(8,2) NOT NULL,
  `variacao` decimal(6,2) NOT NULL,
  `created_at` timestamp NULL DEFAULT CURRENT_TIMESTAMP
) ENGINE=InnoDB DEFAULT CHARSET=utf8mb4 COLLATE=utf8mb4_general_ci;

--
-- Despejando dados para a tabela `cartolendas_historico_precos`
--

INSERT INTO `cartolendas_historico_precos` (`id`, `jogador_id`, `rodada_id`, `preco_antes`, `preco_depois`, `variacao`, `created_at`) VALUES
(702, 9, 21, 10.00, 8.60, -1.40, '2026-03-23 18:14:32'),
(703, 41, 21, 10.00, 9.10, -0.90, '2026-03-23 18:14:32'),
(704, 48, 21, 10.00, 9.60, -0.40, '2026-03-23 18:14:32'),
(705, 51, 21, 10.00, 10.10, 0.10, '2026-03-23 18:14:32'),
(706, 52, 21, 10.00, 9.35, -0.65, '2026-03-23 18:14:32'),
(707, 53, 21, 10.00, 9.35, -0.65, '2026-03-23 18:14:32'),
(708, 8, 21, 10.00, 10.85, 0.85, '2026-03-23 18:14:32'),
(709, 44, 21, 10.00, 10.85, 0.85, '2026-03-23 18:14:32'),
(710, 46, 21, 10.00, 13.00, 3.00, '2026-03-23 18:14:32'),
(711, 54, 21, 10.00, 10.60, 0.60, '2026-03-23 18:14:32'),
(712, 55, 21, 10.00, 11.85, 1.85, '2026-03-23 18:14:32'),
(713, 76, 21, 10.00, 9.50, -0.50, '2026-03-23 18:14:32'),
(714, 1, 21, 10.00, 11.10, 1.10, '2026-03-23 18:14:32'),
(715, 2, 21, 10.00, 10.10, 0.10, '2026-03-23 18:14:32'),
(716, 6, 21, 10.00, 10.10, 0.10, '2026-03-23 18:14:32'),
(717, 7, 21, 10.00, 12.60, 2.60, '2026-03-23 18:14:32'),
(718, 47, 21, 10.00, 9.50, -0.50, '2026-03-23 18:14:32'),
(719, 50, 21, 10.00, 12.10, 2.10, '2026-03-23 18:14:32'),
(720, 3, 21, 10.00, 8.35, -1.65, '2026-03-23 18:14:32'),
(721, 10, 21, 10.00, 8.85, -1.15, '2026-03-23 18:14:32'),
(722, 39, 21, 10.00, 7.00, -3.00, '2026-03-23 18:14:32'),
(723, 42, 21, 10.00, 8.85, -1.15, '2026-03-23 18:14:32'),
(724, 45, 21, 10.00, 7.00, -3.00, '2026-03-23 18:14:32'),
(725, 49, 21, 10.00, 8.60, -1.40, '2026-03-23 18:14:32'),
(726, 9, 22, 8.60, 7.37, -1.23, '2026-03-23 18:14:32'),
(727, 41, 22, 9.10, 8.62, -0.48, '2026-03-23 18:14:32'),
(728, 48, 22, 9.60, 9.62, 0.02, '2026-03-23 18:14:32'),
(729, 51, 22, 10.10, 8.87, -1.23, '2026-03-23 18:14:32'),
(730, 52, 22, 9.35, 8.85, -0.50, '2026-03-23 18:14:32'),
(731, 53, 22, 9.35, 10.37, 1.02, '2026-03-23 18:14:32'),
(732, 8, 22, 10.85, 10.62, -0.23, '2026-03-23 18:14:32'),
(733, 44, 22, 10.85, 12.62, 1.77, '2026-03-23 18:14:32'),
(734, 46, 22, 13.00, 12.27, -0.73, '2026-03-23 18:14:32'),
(735, 54, 22, 10.60, 10.62, 0.02, '2026-03-23 18:14:32'),
(736, 55, 22, 11.85, 11.87, 0.02, '2026-03-23 18:14:32'),
(737, 76, 22, 9.50, 9.00, -0.50, '2026-03-23 18:14:32'),
(738, 1, 22, 11.10, 12.62, 1.52, '2026-03-23 18:14:32'),
(739, 2, 22, 10.10, 10.87, 0.77, '2026-03-23 18:14:32'),
(740, 6, 22, 10.10, 7.10, -3.00, '2026-03-23 18:14:32'),
(741, 7, 22, 12.60, 14.12, 1.52, '2026-03-23 18:14:32'),
(742, 47, 22, 9.50, 9.00, -0.50, '2026-03-23 18:14:32'),
(743, 50, 22, 12.10, 14.12, 2.02, '2026-03-23 18:14:32'),
(744, 3, 22, 8.35, 6.12, -2.23, '2026-03-23 18:14:32'),
(745, 10, 22, 8.85, 7.37, -1.48, '2026-03-23 18:14:32'),
(746, 39, 22, 7.00, 5.00, -2.00, '2026-03-23 18:14:32'),
(747, 42, 22, 8.85, 8.12, -0.73, '2026-03-23 18:14:32'),
(748, 45, 22, 7.00, 5.77, -1.23, '2026-03-23 18:14:32'),
(749, 49, 22, 8.60, 6.62, -1.98, '2026-03-23 18:14:32'),
(750, 9, 23, 7.37, 10.10, 2.73, '2026-03-23 18:14:32'),
(751, 41, 23, 8.62, 10.35, 1.73, '2026-03-23 18:14:32'),
(752, 48, 23, 9.62, 12.62, 3.00, '2026-03-23 18:14:32'),
(753, 51, 23, 8.87, 10.85, 1.98, '2026-03-23 18:14:32'),
(754, 52, 23, 8.85, 10.83, 1.98, '2026-03-23 18:14:32'),
(755, 53, 23, 10.37, 13.37, 3.00, '2026-03-23 18:14:32'),
(756, 8, 23, 10.62, 7.62, -3.00, '2026-03-23 18:14:32'),
(757, 44, 23, 12.62, 10.35, -2.27, '2026-03-23 18:14:32'),
(758, 46, 23, 12.27, 11.77, -0.50, '2026-03-23 18:14:32'),
(759, 54, 23, 10.62, 7.62, -3.00, '2026-03-23 18:14:32'),
(760, 55, 23, 11.87, 8.87, -3.00, '2026-03-23 18:14:32'),
(761, 76, 23, 9.00, 6.00, -3.00, '2026-03-23 18:14:32'),
(762, 1, 23, 12.62, 13.10, 0.48, '2026-03-23 18:14:32'),
(763, 2, 23, 10.87, 9.10, -1.77, '2026-03-23 18:14:32'),
(764, 6, 23, 7.10, 5.33, -1.77, '2026-03-23 18:14:32'),
(765, 7, 23, 14.12, 12.60, -1.52, '2026-03-23 18:14:32'),
(766, 47, 23, 9.00, 8.50, -0.50, '2026-03-23 18:14:32'),
(767, 50, 23, 14.12, 13.62, -0.50, '2026-03-23 18:14:32'),
(768, 3, 23, 6.12, 6.10, -0.02, '2026-03-23 18:14:32'),
(769, 10, 23, 7.37, 9.35, 1.98, '2026-03-23 18:14:32'),
(770, 39, 23, 5.00, 5.00, 0.00, '2026-03-23 18:14:32'),
(771, 42, 23, 8.12, 9.60, 1.48, '2026-03-23 18:14:32'),
(772, 45, 23, 5.77, 5.27, -0.50, '2026-03-23 18:14:32'),
(773, 49, 23, 6.62, 7.60, 0.98, '2026-03-23 18:14:32'),
(774, 1, 34, 13.10, 15.39, 2.29, '2026-03-23 18:14:32'),
(775, 7, 34, 12.60, 14.14, 1.54, '2026-03-23 18:14:32'),
(776, 8, 34, 7.62, 7.91, 0.29, '2026-03-23 18:14:32'),
(777, 41, 34, 10.35, 11.14, 0.79, '2026-03-23 18:14:32'),
(778, 46, 34, 11.77, 13.31, 1.54, '2026-03-23 18:14:32'),
(779, 49, 34, 7.60, 7.10, -0.50, '2026-03-23 18:14:32'),
(780, 2, 34, 9.10, 6.39, -2.71, '2026-03-23 18:14:32'),
(781, 6, 34, 5.33, 5.00, -0.33, '2026-03-23 18:14:32'),
(782, 9, 34, 10.10, 7.10, -3.00, '2026-03-23 18:14:32'),
(783, 42, 34, 9.60, 7.89, -1.71, '2026-03-23 18:14:32'),
(784, 51, 34, 10.85, 7.85, -3.00, '2026-03-23 18:14:32'),
(785, 83, 34, 10.00, 9.50, -0.50, '2026-03-23 18:14:32'),
(786, 3, 34, 6.10, 5.64, -0.46, '2026-03-23 18:14:32'),
(787, 45, 34, 5.27, 8.27, 3.00, '2026-03-23 18:14:32'),
(788, 47, 34, 8.50, 7.29, -1.21, '2026-03-23 18:14:32'),
(789, 54, 34, 7.62, 7.16, -0.46, '2026-03-23 18:14:32'),
(790, 76, 34, 6.00, 5.54, -0.46, '2026-03-23 18:14:32'),
(791, 82, 34, 10.00, 9.29, -0.71, '2026-03-23 18:14:32'),
(792, 10, 34, 9.35, 10.14, 0.79, '2026-03-23 18:14:32'),
(793, 39, 34, 5.00, 5.04, 0.04, '2026-03-23 18:14:32'),
(794, 44, 34, 10.35, 11.39, 1.04, '2026-03-23 18:14:32'),
(795, 50, 34, 13.62, 13.41, -0.21, '2026-03-23 18:14:32'),
(796, 52, 34, 10.83, 10.12, -0.71, '2026-03-23 18:14:32'),
(797, 55, 34, 8.87, 8.16, -0.71, '2026-03-23 18:14:32'),
(798, 1, 38, 15.39, 17.68, 2.29, '2026-03-23 18:14:32'),
(799, 7, 38, 14.14, 17.14, 3.00, '2026-03-23 18:14:32'),
(800, 8, 38, 7.91, 10.70, 2.79, '2026-03-23 18:14:32'),
(801, 41, 38, 11.14, 13.93, 2.79, '2026-03-23 18:14:32'),
(802, 46, 38, 13.31, 16.10, 2.79, '2026-03-23 18:14:32'),
(803, 49, 38, 7.10, 6.60, -0.50, '2026-03-23 18:14:32'),
(804, 2, 38, 6.39, 6.18, -0.21, '2026-03-23 18:14:32'),
(805, 6, 38, 5.00, 5.00, 0.00, '2026-03-23 18:14:32'),
(806, 9, 38, 7.10, 6.64, -0.46, '2026-03-23 18:14:32'),
(807, 42, 38, 7.89, 8.18, 0.29, '2026-03-23 18:14:32'),
(808, 51, 38, 7.85, 6.89, -0.96, '2026-03-23 18:14:32'),
(809, 83, 38, 9.50, 9.00, -0.50, '2026-03-23 18:14:32'),
(810, 3, 38, 5.64, 5.18, -0.46, '2026-03-23 18:14:32'),
(811, 45, 38, 8.27, 7.06, -1.21, '2026-03-23 18:14:32'),
(812, 47, 38, 7.29, 7.58, 0.29, '2026-03-23 18:14:32'),
(813, 54, 38, 7.16, 6.70, -0.46, '2026-03-23 18:14:32'),
(814, 76, 38, 5.54, 5.33, -0.21, '2026-03-23 18:14:32'),
(815, 82, 38, 9.29, 6.83, -2.46, '2026-03-23 18:14:32'),
(816, 10, 38, 10.14, 7.68, -2.46, '2026-03-23 18:14:32'),
(817, 39, 38, 5.04, 5.00, -0.04, '2026-03-23 18:14:32'),
(818, 44, 38, 11.39, 10.18, -1.21, '2026-03-23 18:14:32'),
(819, 50, 38, 13.41, 10.41, -3.00, '2026-03-23 18:14:32'),
(820, 52, 38, 10.12, 7.16, -2.96, '2026-03-23 18:14:32'),
(821, 55, 38, 8.16, 6.95, -1.21, '2026-03-23 18:14:32'),
(822, 1, 40, 17.68, 18.88, 1.20, '2026-03-23 18:14:32'),
(823, 7, 40, 17.14, 18.84, 1.70, '2026-03-23 18:14:32'),
(824, 8, 40, 10.70, 12.65, 1.95, '2026-03-23 18:14:32'),
(825, 41, 40, 13.93, 16.13, 2.20, '2026-03-23 18:14:32'),
(826, 46, 40, 16.10, 19.10, 3.00, '2026-03-23 18:14:32'),
(827, 49, 40, 6.60, 9.30, 2.70, '2026-03-23 18:14:32'),
(828, 2, 40, 6.18, 5.00, -1.18, '2026-03-23 18:14:32'),
(829, 6, 40, 5.00, 5.00, 0.00, '2026-03-23 18:14:32'),
(830, 9, 40, 6.64, 5.00, -1.64, '2026-03-23 18:14:32'),
(831, 42, 40, 8.18, 5.18, -3.00, '2026-03-23 18:14:32'),
(832, 51, 40, 6.89, 5.00, -1.89, '2026-03-23 18:14:32'),
(833, 83, 40, 9.00, 8.50, -0.50, '2026-03-23 18:14:32'),
(834, 3, 40, 5.18, 8.18, 3.00, '2026-03-23 18:14:32'),
(835, 45, 40, 7.06, 10.06, 3.00, '2026-03-23 18:14:32'),
(836, 47, 40, 7.58, 10.58, 3.00, '2026-03-23 18:14:32'),
(837, 54, 40, 6.70, 9.70, 3.00, '2026-03-23 18:14:32'),
(838, 76, 40, 5.33, 8.33, 3.00, '2026-03-23 18:14:32'),
(839, 82, 40, 6.83, 6.33, -0.50, '2026-03-23 18:14:32'),
(840, 10, 40, 7.68, 5.13, -2.55, '2026-03-23 18:14:32'),
(841, 39, 40, 5.00, 5.00, 0.00, '2026-03-23 18:14:32'),
(842, 44, 40, 10.18, 7.18, -3.00, '2026-03-23 18:14:32'),
(843, 50, 40, 10.41, 7.41, -3.00, '2026-03-23 18:14:32'),
(844, 52, 40, 7.16, 5.00, -2.16, '2026-03-23 18:14:32'),
(845, 55, 40, 6.95, 5.00, -1.95, '2026-03-23 18:14:32'),
(846, 9, 44, 5.00, 5.63, 0.63, '2026-03-23 18:14:32'),
(847, 41, 44, 16.13, 16.76, 0.63, '2026-03-23 18:14:32'),
(848, 48, 44, 10.00, 13.00, 3.00, '2026-03-23 18:14:32'),
(849, 51, 44, 5.00, 7.63, 2.63, '2026-03-23 18:14:32'),
(850, 52, 44, 5.00, 7.13, 2.13, '2026-03-23 18:14:32'),
(851, 53, 44, 10.00, 10.88, 0.88, '2026-03-23 18:14:32'),
(852, 8, 44, 12.65, 11.78, -0.87, '2026-03-23 18:14:32'),
(853, 44, 44, 7.18, 7.81, 0.63, '2026-03-23 18:14:32'),
(854, 46, 44, 19.10, 18.60, -0.50, '2026-03-23 18:14:32'),
(855, 54, 44, 9.70, 8.83, -0.87, '2026-03-23 18:14:32'),
(856, 55, 44, 5.00, 5.00, 0.00, '2026-03-23 18:14:32'),
(857, 76, 44, 8.33, 7.46, -0.87, '2026-03-23 18:14:32'),
(858, 1, 44, 18.88, 17.51, -1.37, '2026-03-23 18:14:32'),
(859, 2, 44, 5.00, 5.00, 0.00, '2026-03-23 18:14:32'),
(860, 6, 44, 5.00, 5.00, 0.00, '2026-03-23 18:14:32'),
(861, 7, 44, 18.84, 18.72, -0.12, '2026-03-23 18:14:32'),
(862, 47, 44, 10.58, 10.08, -0.50, '2026-03-23 18:14:32'),
(863, 50, 44, 7.41, 7.54, 0.13, '2026-03-23 18:14:32'),
(864, 3, 44, 8.18, 6.56, -1.62, '2026-03-23 18:14:32'),
(865, 10, 44, 5.13, 5.00, -0.13, '2026-03-23 18:14:32'),
(866, 39, 44, 5.00, 5.00, 0.00, '2026-03-23 18:14:32'),
(867, 42, 44, 5.18, 5.00, -0.18, '2026-03-23 18:14:32'),
(868, 45, 44, 10.06, 10.94, 0.88, '2026-03-23 18:14:32'),
(869, 49, 44, 9.30, 8.80, -0.50, '2026-03-23 18:14:32'),
(870, 9, 47, 5.63, 5.00, -0.63, '2026-03-23 18:14:32'),
(871, 41, 47, 16.76, 15.96, -0.80, '2026-03-23 18:14:32'),
(872, 48, 47, 13.00, 14.20, 1.20, '2026-03-23 18:14:32'),
(873, 51, 47, 7.63, 8.08, 0.45, '2026-03-23 18:14:32'),
(874, 52, 47, 7.13, 5.00, -2.13, '2026-03-23 18:14:32'),
(875, 53, 47, 10.88, 11.58, 0.70, '2026-03-23 18:14:32'),
(876, 8, 47, 11.78, 10.98, -0.80, '2026-03-23 18:14:32'),
(877, 44, 47, 7.81, 8.51, 0.70, '2026-03-23 18:14:32'),
(878, 46, 47, 18.60, 21.60, 3.00, '2026-03-23 18:14:32'),
(879, 54, 47, 8.83, 8.78, -0.05, '2026-03-23 18:14:32'),
(880, 55, 47, 5.00, 5.00, 0.00, '2026-03-23 18:14:32'),
(881, 76, 47, 7.46, 7.91, 0.45, '2026-03-23 18:14:32'),
(882, 1, 47, 17.51, 20.51, 3.00, '2026-03-23 18:14:32'),
(883, 2, 47, 5.00, 8.00, 3.00, '2026-03-23 18:14:32'),
(884, 6, 47, 5.00, 5.00, 0.00, '2026-03-23 18:14:32'),
(885, 7, 47, 18.72, 21.72, 3.00, '2026-03-23 18:14:32'),
(886, 47, 47, 10.08, 9.58, -0.50, '2026-03-23 18:14:32'),
(887, 50, 47, 7.54, 10.54, 3.00, '2026-03-23 18:14:32'),
(888, 3, 47, 6.56, 5.00, -1.56, '2026-03-23 18:14:32'),
(889, 10, 47, 5.00, 5.00, 0.00, '2026-03-23 18:14:32'),
(890, 39, 47, 5.00, 5.00, 0.00, '2026-03-23 18:14:32'),
(891, 42, 47, 5.00, 5.00, 0.00, '2026-03-23 18:14:32'),
(892, 45, 47, 10.94, 9.14, -1.80, '2026-03-23 18:14:32'),
(893, 49, 47, 8.80, 8.30, -0.50, '2026-03-23 18:14:32'),
(894, 3, 53, 5.00, 5.00, 0.00, '2026-03-23 18:14:32'),
(895, 12, 53, 10.00, 8.41, -1.59, '2026-03-23 18:14:32'),
(896, 44, 53, 8.51, 8.92, 0.41, '2026-03-23 18:14:32'),
(897, 46, 53, 21.60, 21.01, -0.59, '2026-03-23 18:14:32'),
(898, 51, 53, 8.08, 6.49, -1.59, '2026-03-23 18:14:32'),
(899, 53, 53, 11.58, 11.08, -0.50, '2026-03-23 18:14:32'),
(900, 9, 53, 5.00, 5.00, 0.00, '2026-03-23 18:14:32'),
(901, 40, 53, 10.00, 8.91, -1.09, '2026-03-23 18:14:32'),
(902, 45, 53, 9.14, 8.30, -0.84, '2026-03-23 18:14:32'),
(903, 79, 53, 10.00, 9.66, -0.34, '2026-03-23 18:14:32'),
(904, 1, 53, 20.51, 23.51, 3.00, '2026-03-23 18:14:32'),
(905, 8, 53, 10.98, 13.39, 2.41, '2026-03-23 18:14:32'),
(906, 42, 53, 5.00, 8.00, 3.00, '2026-03-23 18:14:32'),
(907, 50, 53, 10.54, 13.54, 3.00, '2026-03-23 18:14:32'),
(908, 54, 53, 8.78, 11.78, 3.00, '2026-03-23 18:14:32'),
(909, 76, 53, 7.91, 10.91, 3.00, '2026-03-23 18:14:32'),
(910, 2, 53, 8.00, 5.41, -2.59, '2026-03-23 18:14:32'),
(911, 6, 53, 5.00, 5.00, 0.00, '2026-03-23 18:14:32'),
(912, 48, 53, 14.20, 11.86, -2.34, '2026-03-23 18:14:32'),
(913, 52, 53, 5.00, 5.00, 0.00, '2026-03-23 18:14:32'),
(914, 55, 53, 5.00, 5.00, 0.00, '2026-03-23 18:14:32'),
(915, 81, 53, 10.00, 8.41, -1.59, '2026-03-23 18:14:32'),
(916, 10, 53, 5.00, 5.00, 0.00, '2026-03-23 18:14:32'),
(917, 47, 53, 9.58, 9.08, -0.50, '2026-03-23 18:14:32'),
(918, 3, 54, 5.00, 5.87, 0.87, '2026-03-23 18:14:32'),
(919, 12, 54, 8.41, 9.03, 0.62, '2026-03-23 18:14:32'),
(920, 44, 54, 8.92, 11.92, 3.00, '2026-03-23 18:14:32'),
(921, 46, 54, 21.01, 22.38, 1.37, '2026-03-23 18:14:32'),
(922, 51, 54, 6.49, 7.61, 1.12, '2026-03-23 18:14:32'),
(923, 53, 54, 11.08, 12.70, 1.62, '2026-03-23 18:14:32'),
(924, 9, 54, 5.00, 5.37, 0.37, '2026-03-23 18:14:32'),
(925, 40, 54, 8.91, 8.53, -0.38, '2026-03-23 18:14:32'),
(926, 45, 54, 8.30, 8.67, 0.37, '2026-03-23 18:14:32'),
(927, 79, 54, 9.66, 9.16, -0.50, '2026-03-23 18:14:32'),
(928, 1, 54, 23.51, 23.13, -0.38, '2026-03-23 18:14:32'),
(929, 8, 54, 13.39, 12.26, -1.13, '2026-03-23 18:14:32'),
(930, 42, 54, 8.00, 6.12, -1.88, '2026-03-23 18:14:32'),
(931, 50, 54, 13.54, 10.54, -3.00, '2026-03-23 18:14:32'),
(932, 54, 54, 11.78, 10.40, -1.38, '2026-03-23 18:14:32'),
(933, 76, 54, 10.91, 7.91, -3.00, '2026-03-23 18:14:32'),
(934, 2, 54, 5.41, 5.28, -0.13, '2026-03-23 18:14:32'),
(935, 6, 54, 5.00, 5.00, 0.00, '2026-03-23 18:14:32'),
(936, 48, 54, 11.86, 11.36, -0.50, '2026-03-23 18:14:32'),
(937, 52, 54, 5.00, 5.00, 0.00, '2026-03-23 18:14:32'),
(938, 55, 54, 5.00, 6.12, 1.12, '2026-03-23 18:14:32'),
(939, 81, 54, 8.41, 9.78, 1.37, '2026-03-23 18:14:32'),
(940, 10, 54, 5.00, 6.12, 1.12, '2026-03-23 18:14:32'),
(941, 47, 54, 9.08, 8.58, -0.50, '2026-03-23 18:14:32'),
(942, 3, 55, 5.87, 5.00, -0.87, '2026-03-23 18:14:32'),
(943, 12, 55, 9.03, 6.76, -2.27, '2026-03-23 18:14:32'),
(944, 44, 55, 11.92, 10.65, -1.27, '2026-03-23 18:14:32'),
(945, 46, 55, 22.38, 20.61, -1.77, '2026-03-23 18:14:32'),
(946, 51, 55, 7.61, 7.34, -0.27, '2026-03-23 18:14:32'),
(947, 53, 55, 12.70, 9.93, -2.77, '2026-03-23 18:14:32'),
(948, 9, 55, 5.37, 5.00, -0.37, '2026-03-23 18:14:32'),
(949, 40, 55, 8.53, 7.51, -1.02, '2026-03-23 18:14:32'),
(950, 45, 55, 8.67, 8.65, -0.02, '2026-03-23 18:14:32'),
(951, 79, 55, 9.16, 8.66, -0.50, '2026-03-23 18:14:32'),
(952, 1, 55, 23.13, 25.00, 1.87, '2026-03-23 18:14:32'),
(953, 8, 55, 12.26, 15.26, 3.00, '2026-03-23 18:14:32'),
(954, 42, 55, 6.12, 9.12, 3.00, '2026-03-23 18:14:32'),
(955, 50, 55, 10.54, 13.54, 3.00, '2026-03-23 18:14:32'),
(956, 54, 55, 10.40, 13.40, 3.00, '2026-03-23 18:14:32'),
(957, 76, 55, 7.91, 10.91, 3.00, '2026-03-23 18:14:32'),
(958, 2, 55, 5.28, 5.00, -0.28, '2026-03-23 18:14:32'),
(959, 6, 55, 5.00, 5.00, 0.00, '2026-03-23 18:14:32'),
(960, 48, 55, 11.36, 10.86, -0.50, '2026-03-23 18:14:32'),
(961, 52, 55, 5.00, 5.00, 0.00, '2026-03-23 18:14:32'),
(962, 55, 55, 6.12, 5.60, -0.52, '2026-03-23 18:14:32'),
(963, 81, 55, 9.78, 8.26, -1.52, '2026-03-23 18:14:32'),
(964, 10, 55, 6.12, 5.62, -0.50, '2026-03-23 18:14:32'),
(965, 47, 55, 8.58, 7.06, -1.52, '2026-03-23 18:14:32'),
(966, 3, 62, 5.00, 5.00, 0.00, '2026-03-23 18:14:32'),
(967, 12, 62, 6.76, 5.00, -1.76, '2026-03-23 18:14:32'),
(968, 44, 62, 10.65, 9.59, -1.06, '2026-03-23 18:14:32'),
(969, 46, 62, 20.61, 20.11, -0.50, '2026-03-23 18:14:32'),
(970, 51, 62, 7.34, 5.00, -2.34, '2026-03-23 18:14:32'),
(971, 53, 62, 9.93, 8.12, -1.81, '2026-03-23 18:14:32'),
(972, 9, 62, 5.00, 5.00, 0.00, '2026-03-23 18:14:32'),
(973, 40, 62, 7.51, 5.95, -1.56, '2026-03-23 18:14:32'),
(974, 45, 62, 8.65, 8.59, -0.06, '2026-03-23 18:14:32'),
(975, 79, 62, 8.66, 7.10, -1.56, '2026-03-23 18:14:32'),
(976, 1, 62, 25.00, 24.50, -0.50, '2026-03-23 18:14:32'),
(977, 8, 62, 15.26, 15.45, 0.19, '2026-03-23 18:14:32'),
(978, 42, 62, 9.12, 12.12, 3.00, '2026-03-23 18:14:32'),
(979, 50, 62, 13.54, 13.04, -0.50, '2026-03-23 18:14:32'),
(980, 54, 62, 13.40, 13.59, 0.19, '2026-03-23 18:14:32'),
(981, 76, 62, 10.91, 10.85, -0.06, '2026-03-23 18:14:32'),
(982, 2, 62, 5.00, 6.19, 1.19, '2026-03-23 18:14:32'),
(983, 6, 62, 5.00, 6.19, 1.19, '2026-03-23 18:14:32'),
(984, 48, 62, 10.86, 13.86, 3.00, '2026-03-23 18:14:32'),
(985, 52, 62, 5.00, 6.19, 1.19, '2026-03-23 18:14:32'),
(986, 55, 62, 5.60, 8.60, 3.00, '2026-03-23 18:14:32'),
(987, 81, 62, 8.26, 8.20, -0.06, '2026-03-23 18:14:32'),
(988, 10, 62, 5.62, 8.62, 3.00, '2026-03-23 18:14:32'),
(989, 47, 62, 7.06, 6.25, -0.81, '2026-03-23 18:14:32'),
(990, 3, 66, 5.00, 5.00, 0.00, '2026-03-25 02:09:28'),
(991, 12, 66, 5.00, 5.00, 0.00, '2026-03-25 02:09:28'),
(992, 44, 66, 9.59, 6.59, -3.00, '2026-03-25 02:09:28'),
(993, 46, 66, 20.11, 17.54, -2.57, '2026-03-25 02:09:28'),
(994, 51, 66, 5.00, 5.00, 0.00, '2026-03-25 02:09:28'),
(995, 53, 66, 8.12, 7.62, -0.50, '2026-03-25 02:09:28'),
(996, 9, 66, 5.00, 5.93, 0.93, '2026-03-25 02:09:28'),
(997, 40, 66, 5.95, 8.95, 3.00, '2026-03-25 02:09:28'),
(998, 45, 66, 8.59, 11.52, 2.93, '2026-03-25 02:09:28'),
(999, 79, 66, 7.10, 9.28, 2.18, '2026-03-25 02:09:28'),
(1000, 1, 66, 24.50, 23.68, -0.82, '2026-03-25 02:09:28'),
(1001, 8, 66, 15.45, 14.13, -1.32, '2026-03-25 02:09:28'),
(1002, 42, 66, 12.12, 11.55, -0.57, '2026-03-25 02:09:28'),
(1003, 50, 66, 13.04, 12.54, -0.50, '2026-03-25 02:09:28'),
(1004, 54, 66, 13.59, 13.09, -0.50, '2026-03-25 02:09:28'),
(1005, 76, 66, 10.85, 8.78, -2.07, '2026-03-25 02:09:28'),
(1006, 2, 66, 6.19, 6.87, 0.68, '2026-03-25 02:09:28'),
(1007, 6, 66, 6.19, 6.87, 0.68, '2026-03-25 02:09:28'),
(1008, 48, 66, 13.86, 16.86, 3.00, '2026-03-25 02:09:28'),
(1009, 52, 66, 6.19, 7.37, 1.18, '2026-03-25 02:09:28'),
(1010, 55, 66, 8.60, 11.53, 2.93, '2026-03-25 02:09:28'),
(1011, 81, 66, 8.20, 10.38, 2.18, '2026-03-25 02:09:28'),
(1012, 10, 66, 8.62, 11.55, 2.93, '2026-03-25 02:09:28'),
(1013, 47, 66, 6.25, 8.43, 2.18, '2026-03-25 02:09:28');

-- --------------------------------------------------------

--
-- Estrutura para tabela `cartolendas_ligas`
--

CREATE TABLE `cartolendas_ligas` (
  `id` int(11) NOT NULL,
  `nome` varchar(100) NOT NULL,
  `descricao` text DEFAULT NULL,
  `tipo` enum('global','privada') NOT NULL DEFAULT 'privada',
  `codigo_convite` varchar(12) DEFAULT NULL,
  `criador_id` int(11) NOT NULL,
  `campeonato_id` int(11) NOT NULL,
  `ativa` tinyint(1) NOT NULL DEFAULT 1,
  `max_membros` int(11) NOT NULL DEFAULT 20,
  `created_at` timestamp NULL DEFAULT CURRENT_TIMESTAMP
) ENGINE=InnoDB DEFAULT CHARSET=utf8mb4 COLLATE=utf8mb4_general_ci;

--
-- Despejando dados para a tabela `cartolendas_ligas`
--

INSERT INTO `cartolendas_ligas` (`id`, `nome`, `descricao`, `tipo`, `codigo_convite`, `criador_id`, `campeonato_id`, `ativa`, `max_membros`, `created_at`) VALUES
(3, 'pelada', '', 'privada', 'Q38TXAEH', 2, 37, 1, 20, '2026-03-15 21:32:08');

-- --------------------------------------------------------

--
-- Estrutura para tabela `cartolendas_liga_membros`
--

CREATE TABLE `cartolendas_liga_membros` (
  `id` int(11) NOT NULL,
  `liga_id` int(11) NOT NULL,
  `usuario_id` int(11) NOT NULL,
  `entrou_em` timestamp NULL DEFAULT CURRENT_TIMESTAMP
) ENGINE=InnoDB DEFAULT CHARSET=utf8mb4 COLLATE=utf8mb4_general_ci;

--
-- Despejando dados para a tabela `cartolendas_liga_membros`
--

INSERT INTO `cartolendas_liga_membros` (`id`, `liga_id`, `usuario_id`, `entrou_em`) VALUES
(1, 3, 2, '2026-03-15 21:32:08'),
(2, 3, 4, '2026-03-16 04:27:10'),
(3, 3, 5, '2026-03-16 04:27:14'),
(4, 3, 7, '2026-03-16 04:27:22'),
(5, 3, 3, '2026-03-16 04:27:24'),
(6, 3, 14, '2026-03-16 20:50:36');

-- --------------------------------------------------------

--
-- Estrutura para tabela `cartolendas_precos`
--

CREATE TABLE `cartolendas_precos` (
  `id` int(11) NOT NULL,
  `jogador_id` int(11) NOT NULL,
  `rodada_id` int(11) NOT NULL,
  `preco` decimal(8,2) NOT NULL DEFAULT 10.00,
  `variacao` decimal(6,2) NOT NULL DEFAULT 0.00,
  `pontos_rodada` decimal(8,2) NOT NULL DEFAULT 0.00,
  `media_pontos` decimal(8,2) NOT NULL DEFAULT 0.00,
  `created_at` timestamp NULL DEFAULT CURRENT_TIMESTAMP
) ENGINE=InnoDB DEFAULT CHARSET=utf8mb4 COLLATE=utf8mb4_general_ci;

--
-- Despejando dados para a tabela `cartolendas_precos`
--

INSERT INTO `cartolendas_precos` (`id`, `jogador_id`, `rodada_id`, `preco`, `variacao`, `pontos_rodada`, `media_pontos`, `created_at`) VALUES
(780, 9, 21, 8.60, -1.40, 5.00, 5.00, '2026-03-23 18:14:32'),
(781, 41, 21, 9.10, -0.90, 6.00, 6.00, '2026-03-23 18:14:32'),
(782, 48, 21, 9.60, -0.40, 7.00, 7.00, '2026-03-23 18:14:32'),
(783, 51, 21, 10.10, 0.10, 8.00, 8.00, '2026-03-23 18:14:32'),
(784, 52, 21, 9.35, -0.65, 6.50, 6.50, '2026-03-23 18:14:32'),
(785, 53, 21, 9.35, -0.65, 6.50, 6.50, '2026-03-23 18:14:32'),
(786, 8, 21, 10.85, 0.85, 9.50, 9.50, '2026-03-23 18:14:32'),
(787, 44, 21, 10.85, 0.85, 9.50, 9.50, '2026-03-23 18:14:32'),
(788, 46, 21, 13.00, 3.00, 14.00, 14.00, '2026-03-23 18:14:32'),
(789, 54, 21, 10.60, 0.60, 9.00, 9.00, '2026-03-23 18:14:32'),
(790, 55, 21, 11.85, 1.85, 11.50, 11.50, '2026-03-23 18:14:32'),
(791, 76, 21, 9.50, -0.50, 0.00, 0.00, '2026-03-23 18:14:32'),
(792, 1, 21, 11.10, 1.10, 10.00, 10.00, '2026-03-23 18:14:32'),
(793, 2, 21, 10.10, 0.10, 8.00, 8.00, '2026-03-23 18:14:32'),
(794, 6, 21, 10.10, 0.10, 8.00, 8.00, '2026-03-23 18:14:32'),
(795, 7, 21, 12.60, 2.60, 13.00, 13.00, '2026-03-23 18:14:32'),
(796, 47, 21, 9.50, -0.50, 0.00, 0.00, '2026-03-23 18:14:32'),
(797, 50, 21, 12.10, 2.10, 12.00, 12.00, '2026-03-23 18:14:32'),
(798, 3, 21, 8.35, -1.65, 4.50, 4.50, '2026-03-23 18:14:32'),
(799, 10, 21, 8.85, -1.15, 5.50, 5.50, '2026-03-23 18:14:32'),
(800, 39, 21, 7.00, -3.00, 1.00, 1.00, '2026-03-23 18:14:32'),
(801, 42, 21, 8.85, -1.15, 5.50, 5.50, '2026-03-23 18:14:32'),
(802, 45, 21, 7.00, -3.00, 1.00, 1.00, '2026-03-23 18:14:32'),
(803, 49, 21, 8.60, -1.40, 5.00, 5.00, '2026-03-23 18:14:32'),
(804, 9, 22, 7.37, -1.23, 6.00, 5.50, '2026-03-23 18:14:32'),
(805, 41, 22, 8.62, -0.48, 7.50, 6.75, '2026-03-23 18:14:32'),
(806, 48, 22, 9.62, 0.02, 8.50, 7.75, '2026-03-23 18:14:32'),
(807, 51, 22, 8.87, -1.23, 6.00, 7.00, '2026-03-23 18:14:32'),
(808, 52, 22, 8.85, -0.50, 0.00, 3.25, '2026-03-23 18:14:32'),
(809, 53, 22, 10.37, 1.02, 10.50, 8.50, '2026-03-23 18:14:32'),
(810, 8, 22, 10.62, -0.23, 8.00, 8.75, '2026-03-23 18:14:32'),
(811, 44, 22, 12.62, 1.77, 12.00, 10.75, '2026-03-23 18:14:32'),
(812, 46, 22, 12.27, -0.73, 7.00, 10.50, '2026-03-23 18:14:32'),
(813, 54, 22, 10.62, 0.02, 8.50, 8.75, '2026-03-23 18:14:32'),
(814, 55, 22, 11.87, 0.02, 8.50, 10.00, '2026-03-23 18:14:32'),
(815, 76, 22, 9.00, -0.50, 0.00, 0.00, '2026-03-23 18:14:32'),
(816, 1, 22, 12.62, 1.52, 11.50, 10.75, '2026-03-23 18:14:32'),
(817, 2, 22, 10.87, 0.77, 10.00, 9.00, '2026-03-23 18:14:32'),
(818, 6, 22, 7.10, -3.00, 1.50, 4.75, '2026-03-23 18:14:32'),
(819, 7, 22, 14.12, 1.52, 11.50, 12.25, '2026-03-23 18:14:32'),
(820, 47, 22, 9.00, -0.50, 0.00, 0.00, '2026-03-23 18:14:32'),
(821, 50, 22, 14.12, 2.02, 12.50, 12.25, '2026-03-23 18:14:32'),
(822, 3, 22, 6.12, -2.23, 4.00, 4.25, '2026-03-23 18:14:32'),
(823, 10, 22, 7.37, -1.48, 5.50, 5.50, '2026-03-23 18:14:32'),
(824, 39, 22, 5.00, -2.00, 4.00, 2.50, '2026-03-23 18:14:32'),
(825, 42, 22, 8.12, -0.73, 7.00, 6.25, '2026-03-23 18:14:32'),
(826, 45, 22, 5.77, -1.23, 6.00, 3.50, '2026-03-23 18:14:32'),
(827, 49, 22, 6.62, -1.98, 4.50, 4.75, '2026-03-23 18:14:32'),
(828, 9, 23, 10.10, 2.73, 14.00, 9.75, '2026-03-23 18:14:32'),
(829, 41, 23, 10.35, 1.73, 12.00, 9.38, '2026-03-23 18:14:32'),
(830, 48, 23, 12.62, 3.00, 21.00, 14.38, '2026-03-23 18:14:32'),
(831, 51, 23, 10.85, 1.98, 12.50, 9.75, '2026-03-23 18:14:32'),
(832, 52, 23, 10.83, 1.98, 12.50, 7.88, '2026-03-23 18:14:32'),
(833, 53, 23, 13.37, 3.00, 15.00, 11.75, '2026-03-23 18:14:32'),
(834, 8, 23, 7.62, -3.00, 1.00, 4.88, '2026-03-23 18:14:32'),
(835, 44, 23, 10.35, -2.27, 4.00, 7.38, '2026-03-23 18:14:32'),
(836, 46, 23, 11.77, -0.50, 0.00, 5.25, '2026-03-23 18:14:32'),
(837, 54, 23, 7.62, -3.00, 2.00, 5.38, '2026-03-23 18:14:32'),
(838, 55, 23, 8.87, -3.00, 1.00, 5.50, '2026-03-23 18:14:32'),
(839, 76, 23, 6.00, -3.00, 1.00, 1.00, '2026-03-23 18:14:32'),
(840, 1, 23, 13.10, 0.48, 9.50, 10.13, '2026-03-23 18:14:32'),
(841, 2, 23, 9.10, -1.77, 5.00, 7.00, '2026-03-23 18:14:32'),
(842, 6, 23, 5.33, -1.77, 5.00, 4.88, '2026-03-23 18:14:32'),
(843, 7, 23, 12.60, -1.52, 5.50, 8.88, '2026-03-23 18:14:32'),
(844, 47, 23, 8.50, -0.50, 0.00, 0.00, '2026-03-23 18:14:32'),
(845, 50, 23, 13.62, -0.50, 0.00, 6.13, '2026-03-23 18:14:32'),
(846, 3, 23, 6.10, -0.02, 8.50, 6.38, '2026-03-23 18:14:32'),
(847, 10, 23, 9.35, 1.98, 12.50, 9.00, '2026-03-23 18:14:32'),
(848, 39, 23, 5.00, 0.00, 8.00, 5.25, '2026-03-23 18:14:32'),
(849, 42, 23, 9.60, 1.48, 11.50, 8.88, '2026-03-23 18:14:32'),
(850, 45, 23, 5.27, -0.50, 0.00, 1.75, '2026-03-23 18:14:32'),
(851, 49, 23, 7.60, 0.98, 10.50, 7.63, '2026-03-23 18:14:32'),
(852, 1, 34, 15.39, 2.29, 13.00, 11.67, '2026-03-23 18:14:32'),
(853, 7, 34, 14.14, 1.54, 11.50, 10.75, '2026-03-23 18:14:32'),
(854, 8, 34, 7.91, 0.29, 9.00, 7.58, '2026-03-23 18:14:32'),
(855, 41, 34, 11.14, 0.79, 10.00, 9.25, '2026-03-23 18:14:32'),
(856, 46, 34, 13.31, 1.54, 11.50, 9.25, '2026-03-23 18:14:32'),
(857, 49, 34, 7.10, -0.50, 0.00, 3.33, '2026-03-23 18:14:32'),
(858, 2, 34, 6.39, -2.71, 3.00, 5.33, '2026-03-23 18:14:32'),
(859, 6, 34, 5.00, -0.33, 3.00, 3.92, '2026-03-23 18:14:32'),
(860, 9, 34, 7.10, -3.00, 2.00, 5.17, '2026-03-23 18:14:32'),
(861, 42, 34, 7.89, -1.71, 5.00, 6.50, '2026-03-23 18:14:32'),
(862, 51, 34, 7.85, -3.00, 2.00, 5.42, '2026-03-23 18:14:32'),
(863, 83, 34, 9.50, -0.50, 0.00, 0.00, '2026-03-23 18:14:32'),
(864, 3, 34, 5.64, -0.46, 7.50, 6.58, '2026-03-23 18:14:32'),
(865, 45, 34, 8.27, 3.00, 14.50, 8.42, '2026-03-23 18:14:32'),
(866, 47, 34, 7.29, -1.21, 6.00, 6.00, '2026-03-23 18:14:32'),
(867, 54, 34, 7.16, -0.46, 7.50, 7.00, '2026-03-23 18:14:32'),
(868, 76, 34, 5.54, -0.46, 7.50, 3.92, '2026-03-23 18:14:32'),
(869, 82, 34, 9.29, -0.71, 7.00, 7.00, '2026-03-23 18:14:32'),
(870, 10, 34, 10.14, 0.79, 10.00, 8.92, '2026-03-23 18:14:32'),
(871, 39, 34, 5.04, 0.04, 8.50, 6.42, '2026-03-23 18:14:32'),
(872, 44, 34, 11.39, 1.04, 10.50, 9.50, '2026-03-23 18:14:32'),
(873, 50, 34, 13.41, -0.21, 8.00, 8.08, '2026-03-23 18:14:32'),
(874, 52, 34, 10.12, -0.71, 7.00, 6.67, '2026-03-23 18:14:32'),
(875, 55, 34, 8.16, -0.71, 7.00, 7.00, '2026-03-23 18:14:32'),
(876, 1, 38, 17.68, 2.29, 12.50, 11.75, '2026-03-23 18:14:32'),
(877, 7, 38, 17.14, 3.00, 14.00, 12.19, '2026-03-23 18:14:32'),
(878, 8, 38, 10.70, 2.79, 13.50, 10.19, '2026-03-23 18:14:32'),
(879, 41, 38, 13.93, 2.79, 13.50, 11.19, '2026-03-23 18:14:32'),
(880, 46, 38, 16.10, 2.79, 13.50, 10.81, '2026-03-23 18:14:32'),
(881, 49, 38, 6.60, -0.50, 0.00, 2.50, '2026-03-23 18:14:32'),
(882, 2, 38, 6.18, -0.21, 7.50, 7.00, '2026-03-23 18:14:32'),
(883, 6, 38, 5.00, 0.00, 0.00, 2.19, '2026-03-23 18:14:32'),
(884, 9, 38, 6.64, -0.46, 7.00, 6.88, '2026-03-23 18:14:32'),
(885, 42, 38, 8.18, 0.29, 8.50, 7.88, '2026-03-23 18:14:32'),
(886, 51, 38, 6.89, -0.96, 6.00, 6.56, '2026-03-23 18:14:32'),
(887, 83, 38, 9.00, -0.50, 0.00, 0.00, '2026-03-23 18:14:32'),
(888, 3, 38, 5.18, -0.46, 7.00, 6.56, '2026-03-23 18:14:32'),
(889, 45, 38, 7.06, -1.21, 5.50, 5.44, '2026-03-23 18:14:32'),
(890, 47, 38, 7.58, 0.29, 8.50, 5.00, '2026-03-23 18:14:32'),
(891, 54, 38, 6.70, -0.46, 7.00, 6.88, '2026-03-23 18:14:32'),
(892, 76, 38, 5.33, -0.21, 7.50, 4.81, '2026-03-23 18:14:32'),
(893, 82, 38, 6.83, -2.46, 3.00, 5.00, '2026-03-23 18:14:32'),
(894, 10, 38, 7.68, -2.46, 3.00, 5.69, '2026-03-23 18:14:32'),
(895, 39, 38, 5.00, -0.04, 2.50, 3.94, '2026-03-23 18:14:32'),
(896, 44, 38, 10.18, -1.21, 5.50, 7.25, '2026-03-23 18:14:32'),
(897, 50, 38, 10.41, -3.00, 1.00, 4.56, '2026-03-23 18:14:32'),
(898, 52, 38, 7.16, -2.96, 2.00, 4.25, '2026-03-23 18:14:32'),
(899, 55, 38, 6.95, -1.21, 5.50, 6.25, '2026-03-23 18:14:32'),
(900, 1, 40, 18.88, 1.20, 11.00, 11.15, '2026-03-23 18:14:32'),
(901, 7, 40, 18.84, 1.70, 12.00, 11.55, '2026-03-23 18:14:32'),
(902, 8, 40, 12.65, 1.95, 12.50, 10.35, '2026-03-23 18:14:32'),
(903, 41, 40, 16.13, 2.20, 13.00, 11.40, '2026-03-23 18:14:32'),
(904, 46, 40, 19.10, 3.00, 21.00, 15.10, '2026-03-23 18:14:32'),
(905, 49, 40, 9.30, 2.70, 14.00, 9.00, '2026-03-23 18:14:32'),
(906, 2, 40, 5.00, -1.18, -4.00, 1.35, '2026-03-23 18:14:32'),
(907, 6, 40, 5.00, 0.00, -4.00, -0.25, '2026-03-23 18:14:32'),
(908, 9, 40, 5.00, -1.64, -4.00, 1.40, '2026-03-23 18:14:32'),
(909, 42, 40, 5.18, -3.00, -4.00, 1.75, '2026-03-23 18:14:32'),
(910, 51, 40, 5.00, -1.89, -2.50, 2.20, '2026-03-23 18:14:32'),
(911, 83, 40, 8.50, -0.50, 0.00, 0.00, '2026-03-23 18:14:32'),
(912, 3, 40, 8.18, 3.00, 18.50, 12.40, '2026-03-23 18:14:32'),
(913, 45, 40, 10.06, 3.00, 20.00, 12.70, '2026-03-23 18:14:32'),
(914, 47, 40, 10.58, 3.00, 27.00, 14.95, '2026-03-23 18:14:32'),
(915, 54, 40, 9.70, 3.00, 18.50, 12.65, '2026-03-23 18:14:32'),
(916, 76, 40, 8.33, 3.00, 21.50, 12.35, '2026-03-23 18:14:32'),
(917, 82, 40, 6.33, -0.50, 0.00, 2.50, '2026-03-23 18:14:32'),
(918, 10, 40, 5.13, -2.55, 3.50, 5.40, '2026-03-23 18:14:32'),
(919, 39, 40, 5.00, 0.00, 1.00, 2.90, '2026-03-23 18:14:32'),
(920, 44, 40, 7.18, -3.00, 2.50, 5.40, '2026-03-23 18:14:32'),
(921, 50, 40, 7.41, -3.00, 1.00, 3.85, '2026-03-23 18:14:32'),
(922, 52, 40, 5.00, -2.16, 1.00, 3.30, '2026-03-23 18:14:32'),
(923, 55, 40, 5.00, -1.95, 1.00, 3.85, '2026-03-23 18:14:32'),
(924, 9, 44, 5.63, 0.63, 9.00, 7.00, '2026-03-23 18:14:32'),
(925, 41, 44, 16.76, 0.63, 9.00, 9.67, '2026-03-23 18:14:32'),
(926, 48, 44, 13.00, 3.00, 15.00, 13.58, '2026-03-23 18:14:32'),
(927, 51, 44, 7.63, 2.63, 13.00, 9.17, '2026-03-23 18:14:32'),
(928, 52, 44, 7.13, 2.13, 12.00, 8.42, '2026-03-23 18:14:32'),
(929, 53, 44, 10.88, 0.88, 9.50, 10.08, '2026-03-23 18:14:32'),
(930, 8, 44, 11.78, -0.87, 6.00, 7.46, '2026-03-23 18:14:32'),
(931, 44, 44, 7.81, 0.63, 9.00, 8.17, '2026-03-23 18:14:32'),
(932, 46, 44, 18.60, -0.50, 0.00, 5.58, '2026-03-23 18:14:32'),
(933, 54, 44, 8.83, -0.87, 6.00, 7.38, '2026-03-23 18:14:32'),
(934, 55, 44, 5.00, 0.00, 6.50, 6.13, '2026-03-23 18:14:32'),
(935, 76, 44, 7.46, -0.87, 6.00, 6.13, '2026-03-23 18:14:32'),
(936, 1, 44, 17.51, -1.37, 5.00, 8.13, '2026-03-23 18:14:32'),
(937, 2, 44, 5.00, 0.00, 6.00, 5.46, '2026-03-23 18:14:32'),
(938, 6, 44, 5.00, 0.00, 0.00, 1.13, '2026-03-23 18:14:32'),
(939, 7, 44, 18.72, -0.12, 7.50, 9.38, '2026-03-23 18:14:32'),
(940, 47, 44, 10.08, -0.50, 0.00, 3.46, '2026-03-23 18:14:32'),
(941, 50, 44, 7.54, 0.13, 8.00, 6.88, '2026-03-23 18:14:32'),
(942, 3, 44, 6.56, -1.62, 4.50, 6.42, '2026-03-23 18:14:32'),
(943, 10, 44, 5.00, -0.13, 0.00, 3.33, '2026-03-23 18:14:32'),
(944, 39, 44, 5.00, 0.00, 5.00, 4.58, '2026-03-23 18:14:32'),
(945, 42, 44, 5.00, -0.18, 4.00, 4.79, '2026-03-23 18:14:32'),
(946, 45, 44, 10.94, 0.88, 9.50, 8.67, '2026-03-23 18:14:32'),
(947, 49, 44, 8.80, -0.50, 0.00, 2.83, '2026-03-23 18:14:32'),
(948, 9, 47, 5.00, -0.63, 6.00, 5.79, '2026-03-23 18:14:32'),
(949, 41, 47, 15.96, -0.80, 7.00, 8.57, '2026-03-23 18:14:32'),
(950, 48, 47, 14.20, 1.20, 11.00, 11.94, '2026-03-23 18:14:32'),
(951, 51, 47, 8.08, 0.45, 9.50, 7.96, '2026-03-23 18:14:32'),
(952, 52, 47, 5.00, -2.13, 3.00, 4.43, '2026-03-23 18:14:32'),
(953, 53, 47, 11.58, 0.70, 10.00, 10.19, '2026-03-23 18:14:32'),
(954, 8, 47, 10.98, -0.80, 7.00, 7.75, '2026-03-23 18:14:32'),
(955, 44, 47, 8.51, 0.70, 10.00, 8.79, '2026-03-23 18:14:32'),
(956, 46, 47, 21.60, 3.00, 16.00, 12.79, '2026-03-23 18:14:32'),
(957, 54, 47, 8.78, -0.05, 8.50, 8.43, '2026-03-23 18:14:32'),
(958, 55, 47, 5.00, 0.00, -1.00, 2.43, '2026-03-23 18:14:32'),
(959, 76, 47, 7.91, 0.45, 9.50, 7.86, '2026-03-23 18:14:32'),
(960, 1, 47, 20.51, 3.00, 16.50, 13.43, '2026-03-23 18:14:32'),
(961, 2, 47, 8.00, 3.00, 15.00, 10.04, '2026-03-23 18:14:32'),
(962, 6, 47, 5.00, 0.00, 0.00, 0.96, '2026-03-23 18:14:32'),
(963, 7, 47, 21.72, 3.00, 19.50, 15.11, '2026-03-23 18:14:32'),
(964, 47, 47, 9.58, -0.50, 0.00, 2.96, '2026-03-23 18:14:32'),
(965, 50, 47, 10.54, 3.00, 16.50, 11.29, '2026-03-23 18:14:32'),
(966, 3, 47, 5.00, -1.56, -1.00, 3.39, '2026-03-23 18:14:32'),
(967, 10, 47, 5.00, 0.00, 5.00, 5.36, '2026-03-23 18:14:32'),
(968, 39, 47, 5.00, 0.00, -1.00, 1.64, '2026-03-23 18:14:32'),
(969, 42, 47, 5.00, 0.00, -1.50, 1.93, '2026-03-23 18:14:32'),
(970, 45, 47, 9.14, -1.80, 5.00, 6.54, '2026-03-23 18:14:32'),
(971, 49, 47, 8.30, -0.50, 0.00, 2.43, '2026-03-23 18:14:32'),
(972, 3, 53, 5.00, 0.00, 4.00, 5.34, '2026-03-23 18:14:32'),
(973, 12, 53, 8.41, -1.59, 4.00, 4.00, '2026-03-23 18:14:32'),
(974, 44, 53, 8.92, 0.41, 8.00, 7.94, '2026-03-23 18:14:32'),
(975, 46, 53, 21.01, -0.59, 6.00, 8.19, '2026-03-23 18:14:32'),
(976, 51, 53, 6.49, -1.59, 4.00, 5.41, '2026-03-23 18:14:32'),
(977, 53, 53, 11.08, -0.50, 0.00, 5.15, '2026-03-23 18:14:32'),
(978, 9, 53, 5.00, 0.00, 4.00, 4.81, '2026-03-23 18:14:32'),
(979, 40, 53, 8.91, -1.09, 5.00, 5.00, '2026-03-23 18:14:32'),
(980, 45, 53, 8.30, -0.84, 5.50, 6.59, '2026-03-23 18:14:32'),
(981, 79, 53, 9.66, -0.34, 6.50, 6.50, '2026-03-23 18:14:32'),
(982, 1, 53, 23.51, 3.00, 14.00, 12.56, '2026-03-23 18:14:32'),
(983, 8, 53, 13.39, 2.41, 12.00, 10.16, '2026-03-23 18:14:32'),
(984, 42, 53, 8.00, 3.00, 13.50, 9.00, '2026-03-23 18:14:32'),
(985, 50, 53, 13.54, 3.00, 21.00, 14.19, '2026-03-23 18:14:32'),
(986, 54, 53, 11.78, 3.00, 14.00, 11.19, '2026-03-23 18:14:32'),
(987, 76, 53, 10.91, 3.00, 17.00, 11.81, '2026-03-23 18:14:32'),
(988, 2, 53, 5.41, -2.59, 2.00, 4.16, '2026-03-23 18:14:32'),
(989, 6, 53, 5.00, 0.00, 2.00, 1.84, '2026-03-23 18:14:32'),
(990, 48, 53, 11.86, -2.34, 2.50, 7.50, '2026-03-23 18:14:32'),
(991, 52, 53, 5.00, 0.00, 1.00, 3.25, '2026-03-23 18:14:32'),
(992, 55, 53, 5.00, 0.00, 1.00, 3.00, '2026-03-23 18:14:32'),
(993, 81, 53, 8.41, -1.59, 4.00, 4.00, '2026-03-23 18:14:32'),
(994, 10, 53, 5.00, 0.00, 1.00, 3.31, '2026-03-23 18:14:32'),
(995, 47, 53, 9.08, -0.50, 0.00, 2.59, '2026-03-23 18:14:32'),
(996, 3, 54, 5.87, 0.87, 9.50, 7.94, '2026-03-23 18:14:32'),
(997, 12, 54, 9.03, 0.62, 9.00, 6.50, '2026-03-23 18:14:32'),
(998, 44, 54, 11.92, 3.00, 15.00, 11.44, '2026-03-23 18:14:32'),
(999, 46, 54, 22.38, 1.37, 10.50, 10.19, '2026-03-23 18:14:32'),
(1000, 51, 54, 7.61, 1.12, 10.00, 8.25, '2026-03-23 18:14:32'),
(1001, 53, 54, 12.70, 1.62, 11.00, 9.79, '2026-03-23 18:14:32'),
(1002, 9, 54, 5.37, 0.37, 8.50, 6.97, '2026-03-23 18:14:32'),
(1003, 40, 54, 8.53, -0.38, 7.00, 6.00, '2026-03-23 18:14:32'),
(1004, 45, 54, 8.67, 0.37, 8.50, 7.97, '2026-03-23 18:14:32'),
(1005, 79, 54, 9.16, -0.50, 0.00, 3.25, '2026-03-23 18:14:32'),
(1006, 1, 54, 23.13, -0.38, 7.00, 9.22, '2026-03-23 18:14:32'),
(1007, 8, 54, 12.26, -1.13, 5.50, 7.11, '2026-03-23 18:14:32'),
(1008, 42, 54, 6.12, -1.88, 4.00, 4.75, '2026-03-23 18:14:32'),
(1009, 50, 54, 10.54, -3.00, 1.00, 4.94, '2026-03-23 18:14:32'),
(1010, 54, 54, 10.40, -1.38, 5.00, 7.00, '2026-03-23 18:14:32'),
(1011, 76, 54, 7.91, -3.00, 1.00, 4.39, '2026-03-23 18:14:32'),
(1012, 2, 54, 5.28, -0.13, 7.50, 6.67, '2026-03-23 18:14:32'),
(1013, 6, 54, 5.00, 0.00, 0.00, 0.86, '2026-03-23 18:14:32'),
(1014, 48, 54, 11.36, -0.50, 0.00, 5.42, '2026-03-23 18:14:32'),
(1015, 52, 54, 5.00, 0.00, 6.00, 5.50, '2026-03-23 18:14:32'),
(1016, 55, 54, 6.12, 1.12, 10.00, 7.28, '2026-03-23 18:14:32'),
(1017, 81, 54, 9.78, 1.37, 10.50, 7.25, '2026-03-23 18:14:32'),
(1018, 10, 54, 6.12, 1.12, 10.00, 7.56, '2026-03-23 18:14:32'),
(1019, 47, 54, 8.58, -0.50, 0.00, 2.31, '2026-03-23 18:14:32'),
(1020, 3, 55, 5.00, -0.87, 3.50, 5.10, '2026-03-23 18:14:32'),
(1021, 12, 55, 6.76, -2.27, 4.00, 5.25, '2026-03-23 18:14:32'),
(1022, 44, 55, 10.65, -1.27, 6.00, 7.30, '2026-03-23 18:14:32'),
(1023, 46, 55, 20.61, -1.77, 5.00, 7.48, '2026-03-23 18:14:32'),
(1024, 51, 55, 7.34, -0.27, 8.00, 7.43, '2026-03-23 18:14:32'),
(1025, 53, 55, 9.93, -2.77, 3.00, 5.96, '2026-03-23 18:14:32'),
(1026, 9, 55, 5.00, -0.37, 4.00, 4.88, '2026-03-23 18:14:32'),
(1027, 40, 55, 7.51, -1.02, 6.50, 6.25, '2026-03-23 18:14:32'),
(1028, 45, 55, 8.65, -0.02, 8.50, 8.03, '2026-03-23 18:14:32'),
(1029, 79, 55, 8.66, -0.50, 0.00, 1.63, '2026-03-23 18:14:32'),
(1030, 1, 55, 25.00, 1.87, 15.00, 13.00, '2026-03-23 18:14:32'),
(1031, 8, 55, 15.26, 3.00, 17.50, 12.95, '2026-03-23 18:14:32'),
(1032, 42, 55, 9.12, 3.00, 18.00, 11.68, '2026-03-23 18:14:32'),
(1033, 50, 55, 13.54, 3.00, 19.50, 13.80, '2026-03-23 18:14:32'),
(1034, 54, 55, 13.40, 3.00, 17.50, 13.05, '2026-03-23 18:14:32'),
(1035, 76, 55, 10.91, 3.00, 17.50, 12.30, '2026-03-23 18:14:32'),
(1036, 2, 55, 5.00, -0.28, 2.00, 4.00, '2026-03-23 18:14:32'),
(1037, 6, 55, 5.00, 0.00, 5.00, 3.28, '2026-03-23 18:14:32'),
(1038, 48, 55, 10.86, -0.50, 0.00, 4.64, '2026-03-23 18:14:32'),
(1039, 52, 55, 5.00, 0.00, 6.50, 5.80, '2026-03-23 18:14:32'),
(1040, 55, 55, 5.60, -0.52, 7.50, 6.30, '2026-03-23 18:14:32'),
(1041, 81, 55, 8.26, -1.52, 5.50, 6.38, '2026-03-23 18:14:32'),
(1042, 10, 55, 5.62, -0.50, 0.00, 2.80, '2026-03-23 18:14:32'),
(1043, 47, 55, 7.06, -1.52, 5.50, 4.83, '2026-03-23 18:14:32'),
(1044, 3, 62, 5.00, 0.00, 3.50, 4.95, '2026-03-23 18:14:32'),
(1045, 12, 62, 5.00, -1.76, 4.50, 5.08, '2026-03-23 18:14:32'),
(1046, 44, 62, 9.59, -1.06, 6.00, 7.18, '2026-03-23 18:14:32'),
(1047, 46, 62, 20.11, -0.50, 0.00, 4.75, '2026-03-23 18:14:32'),
(1048, 51, 62, 5.00, -2.34, 3.00, 4.98, '2026-03-23 18:14:32'),
(1049, 53, 62, 8.12, -1.81, 4.50, 6.34, '2026-03-23 18:14:32'),
(1050, 9, 62, 5.00, 0.00, 5.00, 5.30, '2026-03-23 18:14:32'),
(1051, 40, 62, 5.95, -1.56, 5.00, 5.58, '2026-03-23 18:14:32'),
(1052, 45, 62, 8.59, -0.06, 8.00, 7.82, '2026-03-23 18:14:32'),
(1053, 79, 62, 7.10, -1.56, 5.00, 3.58, '2026-03-23 18:14:32'),
(1054, 1, 62, 24.50, -0.50, 0.00, 5.68, '2026-03-23 18:14:32'),
(1055, 8, 62, 15.45, 0.19, 8.50, 8.86, '2026-03-23 18:14:32'),
(1056, 42, 62, 12.12, 3.00, 15.50, 11.00, '2026-03-23 18:14:32'),
(1057, 50, 62, 13.04, -0.50, 0.00, 4.57, '2026-03-23 18:14:32'),
(1058, 54, 62, 13.59, 0.19, 8.50, 8.95, '2026-03-23 18:14:32'),
(1059, 76, 62, 10.85, -0.06, 8.00, 8.02, '2026-03-23 18:14:32'),
(1060, 2, 62, 6.19, 1.19, 10.50, 8.07, '2026-03-23 18:14:32'),
(1061, 6, 62, 6.19, 1.19, 10.50, 6.18, '2026-03-23 18:14:32'),
(1062, 48, 62, 13.86, 3.00, 15.00, 11.56, '2026-03-23 18:14:32'),
(1063, 52, 62, 6.19, 1.19, 10.50, 7.86, '2026-03-23 18:14:32'),
(1064, 55, 62, 8.60, 3.00, 15.00, 10.16, '2026-03-23 18:14:32'),
(1065, 81, 62, 8.20, -0.06, 8.00, 7.33, '2026-03-23 18:14:32'),
(1066, 10, 62, 8.62, 3.00, 16.00, 10.55, '2026-03-23 18:14:32'),
(1067, 47, 62, 6.25, -0.81, 6.50, 5.39, '2026-03-23 18:14:32'),
(1068, 3, 66, 5.00, 0.00, -1.00, 2.58, '2026-03-25 02:09:28'),
(1069, 12, 66, 5.00, 0.00, 0.00, 2.69, '2026-03-25 02:09:28'),
(1070, 44, 66, 6.59, -3.00, 1.50, 4.83, '2026-03-25 02:09:28'),
(1071, 46, 66, 17.54, -2.57, 3.00, 5.85, '2026-03-25 02:09:28'),
(1072, 51, 66, 5.00, 0.00, 0.00, 3.31, '2026-03-25 02:09:28'),
(1073, 53, 66, 7.62, -0.50, 0.00, 3.89, '2026-03-25 02:09:28'),
(1074, 9, 66, 5.93, 0.93, 10.00, 7.77, '2026-03-25 02:09:28'),
(1075, 40, 66, 8.95, 3.00, 15.00, 10.44, '2026-03-25 02:09:28'),
(1076, 45, 66, 11.52, 2.93, 14.00, 10.83, '2026-03-25 02:09:28'),
(1077, 79, 66, 9.28, 2.18, 12.50, 7.69, '2026-03-25 02:09:28'),
(1078, 1, 66, 23.68, -0.82, 6.50, 8.46, '2026-03-25 02:09:28'),
(1079, 8, 66, 14.13, -1.32, 5.50, 7.33, '2026-03-25 02:09:28'),
(1080, 42, 66, 11.55, -0.57, 7.00, 7.13, '2026-03-25 02:09:28'),
(1081, 50, 66, 12.54, -0.50, 0.00, 4.19, '2026-03-25 02:09:28'),
(1082, 54, 66, 13.09, -0.50, 0.00, 4.67, '2026-03-25 02:09:28'),
(1083, 76, 66, 8.78, -2.07, 4.00, 6.02, '2026-03-25 02:09:28'),
(1084, 2, 66, 6.87, 0.68, 9.50, 7.77, '2026-03-25 02:09:28'),
(1085, 6, 66, 6.87, 0.68, 9.50, 6.04, '2026-03-25 02:09:28'),
(1086, 48, 66, 16.86, 3.00, 21.00, 14.94, '2026-03-25 02:09:28'),
(1087, 52, 66, 7.37, 1.18, 10.50, 8.08, '2026-03-25 02:09:28'),
(1088, 55, 66, 11.53, 2.93, 14.00, 10.06, '2026-03-25 02:09:28'),
(1089, 81, 66, 10.38, 2.18, 12.50, 9.75, '2026-03-25 02:09:28'),
(1090, 10, 66, 11.55, 2.93, 14.00, 10.00, '2026-03-25 02:09:28'),
(1091, 47, 66, 8.43, 2.18, 12.50, 8.48, '2026-03-25 02:09:28');

-- --------------------------------------------------------

--
-- Estrutura para tabela `cartolendas_ranking`
--

CREATE TABLE `cartolendas_ranking` (
  `id` int(11) NOT NULL,
  `usuario_id` int(11) NOT NULL,
  `pontos_total` decimal(10,2) NOT NULL DEFAULT 0.00,
  `lendas_coins` decimal(10,2) NOT NULL DEFAULT 100.00,
  `divisao` varchar(50) NOT NULL DEFAULT 'Bronze',
  `rodadas_jogadas` int(11) NOT NULL DEFAULT 0,
  `transferencias_rodada` int(11) NOT NULL DEFAULT 0,
  `melhor_rodada_pts` decimal(10,2) NOT NULL DEFAULT 0.00,
  `created_at` timestamp NULL DEFAULT CURRENT_TIMESTAMP,
  `updated_at` timestamp NULL DEFAULT CURRENT_TIMESTAMP ON UPDATE CURRENT_TIMESTAMP,
  `patrimonio` decimal(10,2) DEFAULT 0.00,
  `patrimonio_anterior` decimal(10,2) DEFAULT 0.00
) ENGINE=InnoDB DEFAULT CHARSET=utf8mb4 COLLATE=utf8mb4_general_ci;

--
-- Despejando dados para a tabela `cartolendas_ranking`
--

INSERT INTO `cartolendas_ranking` (`id`, `usuario_id`, `pontos_total`, `lendas_coins`, `divisao`, `rodadas_jogadas`, `transferencias_rodada`, `melhor_rodada_pts`, `created_at`, `updated_at`, `patrimonio`, `patrimonio_anterior`) VALUES
(1, 2, 80.00, 100.00, 'Bronze', 1, 0, 80.00, '2026-03-15 22:46:52', '2026-03-23 18:14:32', 104.90, 0.00),
(4, 4, 51.50, 100.00, 'Bronze', 1, 0, 51.50, '2026-03-16 17:33:39', '2026-03-23 18:14:32', 67.67, 0.00),
(8, 5, 78.00, 100.00, 'Bronze', 1, 0, 78.00, '2026-03-17 15:58:34', '2026-03-23 18:14:32', 79.67, 0.00),
(9, 7, 69.50, 100.00, 'Bronze', 1, 0, 69.50, '2026-03-17 20:38:27', '2026-03-23 18:14:32', 63.15, 0.00);

-- --------------------------------------------------------

--
-- Estrutura para tabela `cartolendas_times`
--

CREATE TABLE `cartolendas_times` (
  `id` int(11) NOT NULL,
  `usuario_id` int(11) NOT NULL,
  `rodada_id` int(11) NOT NULL,
  `liga_id` int(11) DEFAULT NULL,
  `nome_time` varchar(100) NOT NULL DEFAULT 'Meu Time',
  `total_pontos` decimal(10,2) NOT NULL DEFAULT 0.00,
  `capitao_pontos_dobrados` decimal(8,2) NOT NULL DEFAULT 0.00,
  `orcamento_gasto` decimal(8,2) NOT NULL DEFAULT 0.00,
  `calculado` tinyint(1) NOT NULL DEFAULT 0,
  `created_at` timestamp NULL DEFAULT CURRENT_TIMESTAMP,
  `updated_at` timestamp NULL DEFAULT CURRENT_TIMESTAMP ON UPDATE CURRENT_TIMESTAMP,
  `saldo_lc_apos` decimal(10,2) DEFAULT NULL,
  `patrimonio_apos` decimal(10,2) DEFAULT NULL
) ENGINE=InnoDB DEFAULT CHARSET=utf8mb4 COLLATE=utf8mb4_general_ci;

--
-- Despejando dados para a tabela `cartolendas_times`
--

INSERT INTO `cartolendas_times` (`id`, `usuario_id`, `rodada_id`, `liga_id`, `nome_time`, `total_pontos`, `capitao_pontos_dobrados`, `orcamento_gasto`, `calculado`, `created_at`, `updated_at`, `saldo_lc_apos`, `patrimonio_apos`) VALUES
(3, 2, 62, NULL, 'Meu Time', 80.00, 0.00, 80.00, 1, '2026-03-16 04:19:56', '2026-03-23 18:14:32', 100.00, 104.90),
(4, 4, 62, NULL, 'Meu Time', 51.50, 0.00, 70.00, 1, '2026-03-16 17:33:39', '2026-03-23 18:14:32', 100.00, 67.67),
(8, 5, 62, NULL, 'Meu Time', 78.00, 0.00, 80.00, 1, '2026-03-17 15:58:34', '2026-03-23 18:14:32', 100.00, 79.67),
(9, 7, 62, NULL, 'Meu Time', 69.50, 0.00, 70.00, 1, '2026-03-17 20:38:27', '2026-03-23 18:14:32', 100.00, 63.15),
(14, 2, 67, NULL, 'Meu Time', 0.00, 0.00, 98.11, 0, '2026-03-24 16:10:24', '2026-03-24 16:10:24', NULL, NULL),
(15, 4, 67, NULL, 'Meu Time', 0.00, 0.00, 87.14, 0, '2026-03-24 16:30:53', '2026-03-24 16:30:53', NULL, NULL),
(17, 5, 67, NULL, 'Meu Time', 0.00, 0.00, 80.49, 0, '2026-03-24 20:39:10', '2026-03-24 20:39:10', NULL, NULL),
(18, 7, 67, NULL, 'Meu Time', 0.00, 0.00, 66.70, 0, '2026-03-24 20:54:11', '2026-03-24 20:54:11', NULL, NULL);

-- --------------------------------------------------------

--
-- Estrutura para tabela `cartolendas_transferencias`
--

CREATE TABLE `cartolendas_transferencias` (
  `id` int(11) NOT NULL,
  `usuario_id` int(11) NOT NULL,
  `rodada_id` int(11) NOT NULL,
  `jogador_saiu_id` int(11) NOT NULL,
  `jogador_entrou_id` int(11) NOT NULL,
  `preco_saiu` decimal(8,2) NOT NULL DEFAULT 0.00,
  `preco_entrou` decimal(8,2) NOT NULL DEFAULT 0.00,
  `custo_coins` decimal(8,2) NOT NULL DEFAULT 2.00,
  `saldo_anterior` decimal(8,2) NOT NULL DEFAULT 0.00,
  `saldo_posterior` decimal(8,2) NOT NULL DEFAULT 0.00,
  `created_at` timestamp NULL DEFAULT CURRENT_TIMESTAMP
) ENGINE=InnoDB DEFAULT CHARSET=utf8mb4 COLLATE=utf8mb4_general_ci;

-- --------------------------------------------------------

--
-- Estrutura para tabela `convites`
--

CREATE TABLE `convites` (
  `id` int(11) NOT NULL,
  `jogador_id` int(11) DEFAULT NULL,
  `token` varchar(255) NOT NULL,
  `criado_em` datetime NOT NULL,
  `expira_em` datetime NOT NULL,
  `usado` tinyint(1) NOT NULL DEFAULT 0,
  `usado_em` datetime DEFAULT NULL,
  `criado_por` int(11) DEFAULT NULL,
  `role` varchar(50) NOT NULL DEFAULT 'user',
  `meta` text DEFAULT NULL
) ENGINE=InnoDB DEFAULT CHARSET=utf8mb4 COLLATE=utf8mb4_unicode_ci;

--
-- Despejando dados para a tabela `convites`
--

INSERT INTO `convites` (`id`, `jogador_id`, `token`, `criado_em`, `expira_em`, `usado`, `usado_em`, `criado_por`, `role`, `meta`) VALUES
(1, 5, 'b8d2c7e5-2cd7-4e99-8788-a7ae56f7d87e', '2025-11-15 18:59:21', '2025-11-16 18:59:21', 1, '2025-11-15 19:21:34', 1, 'user', NULL),
(2, 1, '1a0a6890-0254-4608-a3d5-ffcb4ce41360', '2025-11-15 19:06:50', '2025-11-16 19:06:50', 1, '2025-11-15 19:13:04', 1, 'user', NULL),
(3, 3, 'a36a0c59-609a-4138-91c1-743ad909a7f6', '2025-11-26 13:32:06', '2025-11-27 13:32:06', 1, '2025-11-26 13:33:01', 1, 'user', NULL),
(4, 6, '1bab3862-3cd0-4e99-9859-47cb5914f409', '2025-12-03 20:05:30', '2025-12-04 20:05:30', 1, '2025-12-03 20:05:49', 2, 'user', NULL),
(5, 53, '10dc2c7a-be01-4774-8181-21db8bc52469', '2025-12-10 19:54:41', '2025-12-11 19:54:41', 1, '2025-12-10 19:54:54', 2, 'user', NULL),
(8, 83, 'e75da42a-022f-4811-9ab4-893fd485a330', '2026-01-08 17:24:36', '2026-01-09 17:24:36', 0, NULL, 2, 'user', NULL),
(10, 12, '112ef480-c4d5-42ca-afbb-57b0b613891b', '2026-01-08 17:25:52', '2026-01-09 17:25:52', 1, '2026-01-08 19:50:02', 2, 'user', NULL),
(11, 79, 'dc7a8830-06c7-49c1-a4aa-f77b0186fd8c', '2026-01-27 19:21:51', '2026-01-28 19:21:51', 0, NULL, 2, 'user', NULL),
(24, 47, 'c7144c1143f2ae62aca490269c82555c2bc759bf29a18acbf421e2b8367e714e', '0000-00-00 00:00:00', '2026-03-18 20:36:12', 1, '2026-03-16 20:36:51', NULL, 'user', NULL);

-- --------------------------------------------------------

--
-- Estrutura para tabela `jogadores`
--

CREATE TABLE `jogadores` (
  `id` int(11) NOT NULL,
  `nome` varchar(255) NOT NULL,
  `role` varchar(50) NOT NULL DEFAULT 'player',
  `joga_recuado` tinyint(1) NOT NULL DEFAULT 0,
  `nivel` int(11) NOT NULL DEFAULT 1,
  `posicao` varchar(50) NOT NULL DEFAULT 'linha',
  `foto_url` text DEFAULT NULL,
  `usuario_id` int(11) DEFAULT NULL,
  `avatar_url` text DEFAULT NULL,
  `nota_ultima_rodada` int(11) NOT NULL DEFAULT 5
) ENGINE=InnoDB DEFAULT CHARSET=utf8mb4 COLLATE=utf8mb4_unicode_ci;

--
-- Despejando dados para a tabela `jogadores`
--

INSERT INTO `jogadores` (`id`, `nome`, `role`, `joga_recuado`, `nivel`, `posicao`, `foto_url`, `usuario_id`, `avatar_url`, `nota_ultima_rodada`) VALUES
(1, 'Lani', 'player', 0, 7, 'linha', 'https://bucketfutlendas.s3.sa-east-1.amazonaws.com/uploads/69b74208756fe5.89985388.png', 2, 'https://bucketfutlendas.s3.sa-east-1.amazonaws.com/avatares/1/1764683700785.glb', 5),
(2, 'Alan', 'player', 1, 7, 'linha', 'https://bucketfutlendas.s3.sa-east-1.amazonaws.com/jogadores/03d3346f-29a0-41f2-b732-b29cbf3fe195.png', NULL, 'https://bucketfutlendas.s3.sa-east-1.amazonaws.com/avatares/2/1764544328037.glb', 5),
(3, 'Dieguinho', 'player', 1, 7, 'linha', 'https://bucketfutlendas.s3.sa-east-1.amazonaws.com/jogadores/41db62ef-6915-4305-8378-73fa654ff95d.png', 4, 'https://bucketfutlendas.s3.sa-east-1.amazonaws.com/avatares/3/1764617361839.glb', 5),
(5, 'Xan', 'player', 0, 7, 'goleiro', 'https://bucketfutlendas.s3.sa-east-1.amazonaws.com/jogadores/4d9a3f3c-5137-4777-aff5-1e0fd17b9673.jpg', 3, NULL, 5),
(6, 'Wagner', 'player', 1, 5, 'linha', 'blob:https://futlendas.com.br/92b2794e-99c2-4593-aaed-75860b72e37b', 5, NULL, 5),
(7, 'Wilian', 'player', 0, 7, 'linha', NULL, NULL, NULL, 5),
(8, 'Bigode', 'player', 0, 5, 'linha', NULL, NULL, NULL, 5),
(9, 'Marcelo', 'player', 0, 7, 'linha', NULL, NULL, NULL, 5),
(10, 'André Borges', 'player', 0, 7, 'linha', 'https://bucketfutlendas.s3.sa-east-1.amazonaws.com/jogadores/1e67b208-1e44-49af-81e0-7c42ec857976.png', NULL, NULL, 5),
(11, 'Gogo', 'player', 0, 7, 'goleiro', NULL, NULL, NULL, 5),
(12, 'Higor', 'player', 0, 7, 'linha', 'https://bucketfutlendas.s3.sa-east-1.amazonaws.com/jogadores/689ba724-0ac8-4ea6-b2c9-b6865da0268d.png', 7, NULL, 5),
(38, 'Leandro', 'player', 0, 7, 'linha', 'https://bucketfutlendas.s3.sa-east-1.amazonaws.com/jogadores/8ef04345-ad3f-45fc-877f-8106c48fcc19.png', NULL, NULL, 5),
(39, 'Apolo', 'player', 0, 5, 'linha', NULL, NULL, NULL, 5),
(40, 'Iago', 'player', 0, 7, 'linha', NULL, NULL, NULL, 5),
(41, 'Diego Borges', 'player', 1, 7, 'linha', 'https://bucketfutlendas.s3.sa-east-1.amazonaws.com/jogadores/a879d647-1574-426c-8344-775b21e5e011.png', NULL, NULL, 5),
(42, 'Rafael', 'player', 0, 10, 'linha', NULL, NULL, NULL, 5),
(43, 'Fabio', 'player', 1, 7, 'linha', NULL, NULL, NULL, 5),
(44, 'Guedes', 'player', 0, 7, 'linha', NULL, NULL, NULL, 5),
(45, 'Maranhão', 'player', 0, 7, 'linha', 'https://bucketfutlendas.s3.sa-east-1.amazonaws.com/jogadores/3ea27556-e936-4320-a805-ef8633007a02.png', NULL, NULL, 5),
(46, 'Michel', 'player', 0, 10, 'linha', NULL, NULL, NULL, 5),
(47, 'Zé', 'player', 0, 10, 'linha', NULL, 14, NULL, 5),
(48, 'Gabriel S', 'player', 0, 10, 'linha', NULL, NULL, NULL, 5),
(49, 'Afranio', 'player', 0, 7, 'linha', 'https://bucketfutlendas.s3.sa-east-1.amazonaws.com/jogadores/1a694a1c-9725-42b1-96d7-19f1bc2e59c0.png', NULL, NULL, 5),
(50, 'G.Ferreira', 'player', 0, 7, 'linha', 'https://bucketfutlendas.s3.sa-east-1.amazonaws.com/uploads/69a8722b11d937.64502014.png', NULL, NULL, 5),
(51, 'Mike', 'player', 0, 7, 'linha', NULL, NULL, NULL, 5),
(52, 'Neco', 'player', 0, 7, 'linha', NULL, NULL, NULL, 5),
(53, 'Tiago', 'player', 0, 7, 'linha', NULL, 6, NULL, 5),
(54, 'Matheus', 'player', 1, 7, 'linha', NULL, NULL, NULL, 5),
(55, 'Diones', 'player', 0, 7, 'linha', 'https://bucketfutlendas.s3.sa-east-1.amazonaws.com/jogadores/0a1e3637-2d78-415d-a27f-a46392293b8e.png', NULL, NULL, 5),
(76, 'Caio', 'player', 0, 1, 'linha', 'https://bucketfutlendas.s3.sa-east-1.amazonaws.com/uploads/69c30d501e7af2.72833908.png', NULL, NULL, 5),
(77, 'Alex', 'player', 0, 7, 'goleiro', NULL, NULL, NULL, 5),
(78, 'Luis', 'player', 0, 7, 'linha', NULL, NULL, NULL, 5),
(79, 'Andrei', 'player', 0, 1, 'linha', NULL, NULL, NULL, 5),
(81, 'Victor Porte', 'player', 0, 1, 'linha', NULL, NULL, NULL, 5),
(82, 'Lucas', 'player', 0, 1, 'linha', NULL, NULL, NULL, 5),
(83, 'Paulo', 'player', 0, 1, 'linha', NULL, NULL, NULL, 5),
(84, 'Elvis', 'player', 0, 1, 'linha', NULL, NULL, NULL, 5),
(85, 'Diego (amigo Luis)', 'player', 0, 1, 'linha', NULL, NULL, NULL, 5),
(86, 'Tercin', 'player', 0, 1, 'linha', NULL, NULL, NULL, 5),
(91, 'João Maranhão', 'player', 0, 5, 'linha', NULL, NULL, NULL, 5),
(93, 'modelo', 'player', 0, 5, 'linha', NULL, NULL, NULL, 5),
(94, 'Zoio', 'player', 0, 5, 'linha', NULL, NULL, NULL, 5),
(95, 'cris', 'player', 0, 5, 'linha', NULL, NULL, NULL, 5),
(121, 'Jardison', 'player', 0, 5, 'linha', NULL, NULL, NULL, 5),
(122, 'Juninho', 'player', 0, 5, 'linha', NULL, NULL, NULL, 5),
(123, 'BH', 'player', 0, 5, 'linha', NULL, NULL, NULL, 5),
(124, 'João', 'player', 0, 5, 'linha', NULL, NULL, NULL, 5),
(125, 'Pablo', 'player', 0, 5, 'linha', NULL, NULL, NULL, 5),
(126, 'completa', 'player', 0, 5, 'linha', NULL, NULL, NULL, 5),
(127, 'Caio Modelo', 'player', 0, 1, 'linha', '', NULL, NULL, 5),
(128, 'Pesão', 'player', 0, 1, 'goleiro', '', NULL, NULL, 5),
(129, 'Anderson', 'player', 0, 1, 'linha', '', NULL, NULL, 5),
(130, 'Gabriel (Santista)', 'player', 0, 1, 'linha', '', NULL, NULL, 5);

-- --------------------------------------------------------

--
-- Estrutura para tabela `ligas`
--

CREATE TABLE `ligas` (
  `id` int(11) NOT NULL,
  `nome` varchar(255) NOT NULL,
  `data_inicio` date NOT NULL,
  `data_fim` date NOT NULL,
  `finalizada_em` datetime DEFAULT NULL
) ENGINE=InnoDB DEFAULT CHARSET=utf8mb4 COLLATE=utf8mb4_unicode_ci;

--
-- Despejando dados para a tabela `ligas`
--

INSERT INTO `ligas` (`id`, `nome`, `data_inicio`, `data_fim`, `finalizada_em`) VALUES
(2, 'teste', '2026-01-20', '2026-04-20', NULL);

-- --------------------------------------------------------

--
-- Estrutura para tabela `notificacoes`
--

CREATE TABLE `notificacoes` (
  `id` int(11) NOT NULL,
  `usuario_id` int(11) NOT NULL,
  `tipo` varchar(50) NOT NULL DEFAULT 'geral',
  `titulo` varchar(255) NOT NULL,
  `mensagem` text DEFAULT NULL,
  `dados_json` text DEFAULT NULL,
  `lida` tinyint(1) NOT NULL DEFAULT 0,
  `criado_em` datetime NOT NULL DEFAULT CURRENT_TIMESTAMP
) ENGINE=InnoDB DEFAULT CHARSET=utf8mb4 COLLATE=utf8mb4_general_ci;

-- --------------------------------------------------------

--
-- Estrutura para tabela `premios_rodada`
--

CREATE TABLE `premios_rodada` (
  `id` int(11) NOT NULL,
  `rodada_id` int(11) NOT NULL,
  `jogador_id` int(11) NOT NULL,
  `tipo_premio` varchar(100) NOT NULL,
  `pontuacao` decimal(10,2) NOT NULL
) ENGINE=InnoDB DEFAULT CHARSET=utf8mb4 COLLATE=utf8mb4_unicode_ci;

--
-- Despejando dados para a tabela `premios_rodada`
--

INSERT INTO `premios_rodada` (`id`, `rodada_id`, `jogador_id`, `tipo_premio`, `pontuacao`) VALUES
(1103, 34, 45, 'mvp_rodada', 14.50),
(1104, 34, 45, 'artilheiro_rodada', 5.00),
(1105, 34, 3, 'garcom_rodada', 2.00),
(1106, 34, 44, 'garcom_rodada', 2.00),
(1107, 34, 43, 'melhor_goleiro_rodada', 16.50),
(1108, 34, 41, 'melhor_zagueiro_rodada', 10.00),
(1109, 34, 9, 'pe_de_rato_rodada', 2.00),
(1110, 34, 51, 'pe_de_rato_rodada', 2.00),
(1111, 38, 7, 'mvp_rodada', 14.00),
(1112, 38, 44, 'artilheiro_rodada', 3.00),
(1113, 38, 55, 'artilheiro_rodada', 3.00),
(1114, 38, 10, 'garcom_rodada', 2.00),
(1115, 38, 40, 'garcom_rodada', 2.00),
(1116, 38, 77, 'melhor_goleiro_rodada', 10.50),
(1117, 38, 41, 'melhor_zagueiro_rodada', 13.50),
(1118, 38, 43, 'melhor_zagueiro_rodada', 13.50),
(1119, 38, 50, 'pe_de_rato_rodada', 1.00),
(1120, 40, 47, 'mvp_rodada', 27.00),
(1121, 40, 46, 'artilheiro_rodada', 6.00),
(1122, 40, 47, 'garcom_rodada', 5.00),
(1123, 40, 11, 'melhor_goleiro_rodada', 17.00),
(1124, 40, 3, 'melhor_zagueiro_rodada', 18.50),
(1125, 40, 54, 'melhor_zagueiro_rodada', 18.50),
(1126, 40, 9, 'pe_de_rato_rodada', -4.00),
(1127, 40, 42, 'pe_de_rato_rodada', -4.00),
(1128, 23, 48, 'mvp_rodada', 21.00),
(1129, 23, 48, 'artilheiro_rodada', 4.00),
(1130, 23, 48, 'garcom_rodada', 4.00),
(1131, 23, 11, 'melhor_goleiro_rodada', 16.50),
(1132, 23, 41, 'melhor_zagueiro_rodada', 12.00),
(1133, 23, 8, 'pe_de_rato_rodada', 1.00),
(1134, 23, 55, 'pe_de_rato_rodada', 1.00),
(1135, 23, 76, 'pe_de_rato_rodada', 1.00),
(1136, 21, 46, 'mvp_rodada', 14.00),
(1137, 21, 7, 'artilheiro_rodada', 4.00),
(1138, 21, 46, 'artilheiro_rodada', 4.00),
(1139, 21, 1, 'garcom_rodada', 3.00),
(1140, 21, 11, 'melhor_goleiro_rodada', 14.00),
(1141, 21, 54, 'melhor_zagueiro_rodada', 9.00),
(1142, 21, 39, 'pe_de_rato_rodada', 1.00),
(1143, 21, 45, 'pe_de_rato_rodada', 1.00),
(1144, 22, 78, 'mvp_rodada', 13.00),
(1145, 22, 50, 'artilheiro_rodada', 3.00),
(1146, 22, 53, 'artilheiro_rodada', 3.00),
(1147, 22, 1, 'garcom_rodada', 2.00),
(1148, 22, 7, 'garcom_rodada', 2.00),
(1149, 22, 44, 'garcom_rodada', 2.00),
(1150, 22, 78, 'garcom_rodada', 2.00),
(1151, 22, 11, 'melhor_goleiro_rodada', 19.50),
(1152, 22, 2, 'melhor_zagueiro_rodada', 10.00),
(1153, 22, 39, 'pe_de_rato_rodada', 4.00),
(1154, 44, 48, 'mvp_rodada', 15.00),
(1155, 44, 48, 'artilheiro_rodada', 4.00),
(1156, 44, 51, 'garcom_rodada', 2.00),
(1157, 44, 11, 'melhor_goleiro_rodada', 17.50),
(1158, 44, 41, 'melhor_zagueiro_rodada', 9.00),
(1159, 44, 42, 'pe_de_rato_rodada', 4.00),
(1160, 44, 78, 'pe_de_rato_rodada', 4.00),
(1161, 47, 7, 'mvp_rodada', 19.50),
(1162, 47, 81, 'mvp_rodada', 19.50),
(1163, 47, 45, 'artilheiro_rodada', 4.00),
(1164, 47, 46, 'artilheiro_rodada', 4.00),
(1165, 47, 10, 'garcom_rodada', 3.00),
(1166, 47, 5, 'melhor_goleiro_rodada', 18.50),
(1167, 47, 2, 'melhor_zagueiro_rodada', 15.00),
(1168, 47, 39, 'pe_de_rato_rodada', -1.00),
(1169, 47, 55, 'pe_de_rato_rodada', -1.00),
(1170, 47, 86, 'pe_de_rato_rodada', -1.00),
(1171, 53, 50, 'mvp_rodada', 21.00),
(1172, 53, 50, 'artilheiro_rodada', 6.00),
(1173, 53, 1, 'garcom_rodada', 2.00),
(1174, 53, 44, 'garcom_rodada', 2.00),
(1175, 53, 76, 'garcom_rodada', 2.00),
(1176, 53, 5, 'melhor_goleiro_rodada', 17.00),
(1177, 53, 54, 'melhor_zagueiro_rodada', 14.00),
(1178, 53, 10, 'pe_de_rato_rodada', 2.00),
(1179, 53, 52, 'pe_de_rato_rodada', 2.00),
(1180, 53, 55, 'pe_de_rato_rodada', 2.00),
(1181, 54, 44, 'mvp_rodada', 15.00),
(1182, 54, 44, 'artilheiro_rodada', 4.00),
(1183, 54, 51, 'garcom_rodada', 2.00),
(1184, 54, 121, 'garcom_rodada', 2.00),
(1185, 54, 5, 'melhor_goleiro_rodada', 17.50),
(1186, 54, 3, 'melhor_zagueiro_rodada', 9.50),
(1187, 54, 50, 'pe_de_rato_rodada', 1.00),
(1188, 54, 76, 'pe_de_rato_rodada', 1.00),
(1189, 55, 50, 'mvp_rodada', 19.50),
(1190, 55, 45, 'artilheiro_rodada', 3.00),
(1191, 55, 50, 'artilheiro_rodada', 3.00),
(1192, 55, 46, 'garcom_rodada', 2.00),
(1193, 55, 51, 'garcom_rodada', 2.00),
(1194, 55, 55, 'garcom_rodada', 2.00),
(1195, 55, 5, 'melhor_goleiro_rodada', 15.50),
(1196, 55, 54, 'melhor_zagueiro_rodada', 17.50),
(1197, 55, 53, 'pe_de_rato_rodada', 3.00),
(1198, 62, 10, 'mvp_rodada', 16.00),
(1199, 62, 10, 'artilheiro_rodada', 4.00),
(1200, 62, 48, 'artilheiro_rodada', 4.00),
(1201, 62, 55, 'artilheiro_rodada', 4.00),
(1202, 62, 6, 'garcom_rodada', 3.00),
(1203, 62, 11, 'melhor_goleiro_rodada', 18.50),
(1204, 62, 2, 'melhor_zagueiro_rodada', 10.50),
(1205, 62, 6, 'melhor_zagueiro_rodada', 10.50),
(1206, 62, 51, 'pe_de_rato_rodada', 3.00),
(1207, 62, 78, 'pe_de_rato_rodada', 3.00),
(1208, 66, 48, 'mvp_rodada', 21.00),
(1209, 66, 48, 'artilheiro_rodada', 6.00),
(1210, 66, 48, 'garcom_rodada', 3.00),
(1211, 66, 11, 'melhor_goleiro_rodada', 15.50),
(1212, 66, 2, 'melhor_zagueiro_rodada', 9.50),
(1213, 66, 6, 'melhor_zagueiro_rodada', 9.50),
(1214, 66, 130, 'pe_de_rato_rodada', -1.00);

-- --------------------------------------------------------

--
-- Estrutura para tabela `rodadas`
--

CREATE TABLE `rodadas` (
  `id` int(11) NOT NULL,
  `liga_id` int(11) DEFAULT NULL,
  `campeonato_id` int(11) DEFAULT NULL,
  `data` date NOT NULL,
  `status` varchar(50) NOT NULL DEFAULT 'aberta'
) ENGINE=InnoDB DEFAULT CHARSET=utf8mb4 COLLATE=utf8mb4_unicode_ci;

--
-- Despejando dados para a tabela `rodadas`
--

INSERT INTO `rodadas` (`id`, `liga_id`, `campeonato_id`, `data`, `status`) VALUES
(21, NULL, 13, '2025-11-19', 'finalizada'),
(22, NULL, 13, '2025-11-26', 'finalizada'),
(23, NULL, 13, '2025-11-12', 'finalizada'),
(34, NULL, 16, '2025-10-22', 'finalizada'),
(38, NULL, 16, '2025-10-29', 'finalizada'),
(40, NULL, 16, '2025-11-05', 'finalizada'),
(44, NULL, 13, '2025-12-03', 'finalizada'),
(47, NULL, 13, '2025-12-10', 'finalizada'),
(51, 2, NULL, '2026-01-20', 'aberta'),
(53, NULL, 37, '2026-02-10', 'finalizada'),
(54, NULL, 37, '2026-02-24', 'finalizada'),
(55, NULL, 37, '2026-03-03', 'finalizada'),
(62, NULL, 37, '2026-03-17', 'finalizada'),
(66, NULL, 37, '2026-03-24', 'finalizada'),
(67, NULL, 37, '2026-03-31', 'aberta');

-- --------------------------------------------------------

--
-- Estrutura para tabela `rodada_jogadores`
--

CREATE TABLE `rodada_jogadores` (
  `rodada_id` int(11) NOT NULL,
  `jogador_id` int(11) NOT NULL
) ENGINE=InnoDB DEFAULT CHARSET=utf8mb4 COLLATE=utf8mb4_unicode_ci;

--
-- Despejando dados para a tabela `rodada_jogadores`
--

INSERT INTO `rodada_jogadores` (`rodada_id`, `jogador_id`) VALUES
(34, 1),
(38, 1),
(40, 1),
(44, 1),
(47, 1),
(53, 1),
(54, 1),
(34, 2),
(38, 2),
(40, 2),
(44, 2),
(47, 2),
(53, 2),
(54, 2),
(34, 3),
(38, 3),
(40, 3),
(44, 3),
(47, 3),
(53, 3),
(54, 3),
(40, 5),
(44, 5),
(34, 6),
(40, 6),
(53, 6),
(34, 7),
(38, 7),
(40, 7),
(44, 7),
(47, 7),
(54, 7),
(34, 8),
(38, 8),
(40, 8),
(44, 8),
(47, 8),
(53, 8),
(54, 8),
(34, 9),
(38, 9),
(40, 9),
(44, 9),
(47, 9),
(53, 9),
(54, 9),
(34, 10),
(38, 10),
(40, 10),
(47, 10),
(53, 12),
(54, 12),
(34, 39),
(38, 39),
(40, 39),
(44, 39),
(47, 39),
(38, 40),
(47, 40),
(53, 40),
(54, 40),
(34, 41),
(38, 41),
(40, 41),
(44, 41),
(47, 41),
(53, 41),
(34, 42),
(38, 42),
(40, 42),
(44, 42),
(47, 42),
(53, 42),
(54, 42),
(38, 43),
(40, 43),
(34, 44),
(38, 44),
(40, 44),
(44, 44),
(47, 44),
(53, 44),
(54, 44),
(34, 45),
(38, 45),
(40, 45),
(44, 45),
(47, 45),
(53, 45),
(54, 45),
(34, 46),
(38, 46),
(40, 46),
(47, 46),
(53, 46),
(54, 46),
(34, 47),
(38, 47),
(40, 47),
(44, 48),
(47, 48),
(53, 48),
(40, 49),
(34, 50),
(38, 50),
(40, 50),
(44, 50),
(47, 50),
(53, 50),
(34, 51),
(38, 51),
(40, 51),
(44, 51),
(47, 51),
(53, 51),
(54, 51),
(34, 52),
(38, 52),
(40, 52),
(44, 52),
(53, 52),
(54, 52),
(34, 53),
(44, 53),
(47, 53),
(54, 53),
(34, 54),
(38, 54),
(40, 54),
(44, 54),
(47, 54),
(53, 54),
(54, 54),
(34, 55),
(38, 55),
(40, 55),
(44, 55),
(53, 55),
(54, 55),
(34, 76),
(38, 76),
(40, 76),
(44, 76),
(47, 76),
(53, 76),
(38, 78),
(44, 78),
(47, 78),
(54, 78),
(53, 79),
(44, 81),
(47, 81),
(34, 82),
(44, 84),
(47, 84),
(44, 85),
(47, 86),
(54, 121),
(53, 127),
(54, 127),
(54, 129),
(54, 130);

-- --------------------------------------------------------

--
-- Estrutura para tabela `rodada_times`
--

CREATE TABLE `rodada_times` (
  `id` int(11) NOT NULL,
  `rodada_id` int(11) NOT NULL,
  `jogador_id` int(11) NOT NULL,
  `numero_time` int(11) NOT NULL,
  `nome_time` varchar(255) DEFAULT NULL
) ENGINE=InnoDB DEFAULT CHARSET=utf8mb4 COLLATE=utf8mb4_unicode_ci;

-- --------------------------------------------------------

--
-- Estrutura para tabela `times`
--

CREATE TABLE `times` (
  `id` int(11) NOT NULL,
  `nome` varchar(255) NOT NULL,
  `logo_url` text DEFAULT NULL,
  `criado_em` date DEFAULT (CURRENT_DATE)
) ENGINE=InnoDB DEFAULT CHARSET=utf8mb4 COLLATE=utf8mb4_unicode_ci;

--
-- Despejando dados para a tabela `times`
--

INSERT INTO `times` (`id`, `nome`, `logo_url`, `criado_em`) VALUES
(1, 'Vasco', 'https://bucketfutlendas.s3.sa-east-1.amazonaws.com/jogadores/051f415f-5413-4189-a168-e2edd59614d2.jpeg', '2025-10-22'),
(2, 'Meninos de Vó', 'https://bucketfutlendas.s3.sa-east-1.amazonaws.com/jogadores/f2b04fe1-30ac-4567-9fcc-e7d5d49e7155.jpeg', '2025-11-22'),
(3, 'Peguei sua Vó', 'https://bucketfutlendas.s3.sa-east-1.amazonaws.com/jogadores/14ea5c97-9b0e-47c2-a289-db49c304061d.png', '2025-11-24'),
(4, 'Não te escolhi Fc', 'https://bucketfutlendas.s3.sa-east-1.amazonaws.com/jogadores/966aaa7c-64f4-468e-9077-0ea5b114c86a.png', '2025-11-24'),
(5, 'São Paulando', 'https://bucketfutlendas.s3.sa-east-1.amazonaws.com/uploads/69b39515caa751.21542144.png', '2025-11-12'),
(6, 'Shaktar dos Leks', 'https://bucketfutlendas.s3.sa-east-1.amazonaws.com/uploads/69a75c0fcd0464.79810953.png', '2025-11-24'),
(7, 'Time Azul', 'https://bucketfutlendas.s3.sa-east-1.amazonaws.com/jogadores/7b785b30-cc93-423c-9a60-601d4d342172.png', NULL),
(10, 'Time Amarelo', 'https://bucketfutlendas.s3.sa-east-1.amazonaws.com/jogadores/1b8c3bba-a07c-4edd-9dc4-974d06be988f.png', NULL),
(11, 'Time Preto', 'https://bucketfutlendas.s3.sa-east-1.amazonaws.com/jogadores/44260c6e-25a0-4d4b-a837-0b9b55c6753f.png', NULL),
(12, 'Time Rosa', 'https://bucketfutlendas.s3.sa-east-1.amazonaws.com/jogadores/218db531-8b0b-4a34-ba9a-2cd93dbc6bed.png', NULL),
(13, 'Real Madruga', 'https://bucketfutlendas.s3.sa-east-1.amazonaws.com/uploads/69a75c060dfd12.08677119.png', '2026-02-10'),
(14, 'Inter dos molão', 'https://bucketfutlendas.s3.sa-east-1.amazonaws.com/uploads/69a75be6421ee2.38381143.png', '2026-02-10');

-- --------------------------------------------------------

--
-- Estrutura para tabela `time_jogadores`
--

CREATE TABLE `time_jogadores` (
  `time_id` int(11) NOT NULL,
  `jogador_id` int(11) NOT NULL,
  `is_capitao` tinyint(1) DEFAULT 0,
  `is_pe_de_rato` tinyint(1) DEFAULT 0
) ENGINE=InnoDB DEFAULT CHARSET=utf8mb4 COLLATE=utf8mb4_unicode_ci;

--
-- Despejando dados para a tabela `time_jogadores`
--

INSERT INTO `time_jogadores` (`time_id`, `jogador_id`, `is_capitao`, `is_pe_de_rato`) VALUES
(1, 1, 0, 0),
(1, 7, 0, 0),
(1, 8, 0, 1),
(1, 41, 0, 0),
(1, 46, 1, 0),
(1, 49, 0, 0),
(2, 2, 0, 0),
(2, 6, 0, 1),
(2, 9, 0, 0),
(2, 42, 1, 0),
(2, 51, 0, 0),
(2, 83, 0, 0),
(3, 3, 0, 0),
(3, 45, 0, 0),
(3, 47, 1, 0),
(3, 54, 0, 0),
(3, 76, 0, 0),
(3, 82, 0, 1),
(4, 10, 1, 0),
(4, 39, 0, 1),
(4, 44, 0, 0),
(4, 50, 0, 0),
(4, 52, 0, 0),
(4, 55, 0, 0),
(5, 1, 1, 0),
(5, 8, 0, 1),
(5, 42, 0, 0),
(5, 50, 0, 0),
(5, 54, 0, 0),
(5, 76, 0, 0),
(6, 2, 0, 0),
(6, 6, 0, 1),
(6, 10, 0, 0),
(6, 48, 1, 0),
(6, 52, 0, 0),
(6, 55, 0, 0),
(7, 2, 0, 0),
(7, 9, 0, 0),
(7, 39, 0, 0),
(7, 43, 0, 0),
(7, 47, 0, 0),
(7, 53, 0, 0),
(10, 6, 0, 0),
(10, 38, 0, 0),
(10, 40, 0, 0),
(10, 42, 0, 0),
(10, 50, 0, 0),
(10, 51, 0, 0),
(11, 1, 0, 0),
(11, 10, 0, 0),
(11, 41, 0, 0),
(11, 46, 0, 0),
(11, 49, 0, 0),
(11, 52, 0, 0),
(12, 3, 0, 0),
(12, 44, 0, 0),
(12, 45, 0, 0),
(12, 48, 0, 0),
(12, 54, 0, 0),
(12, 55, 0, 0),
(13, 9, 0, 1),
(13, 40, 0, 0),
(13, 45, 0, 0),
(13, 47, 0, 0),
(13, 79, 0, 0),
(13, 81, 1, 0),
(14, 3, 0, 0),
(14, 12, 0, 1),
(14, 44, 0, 0),
(14, 46, 0, 0),
(14, 51, 0, 0),
(14, 53, 1, 0);

-- --------------------------------------------------------

--
-- Estrutura para tabela `usuarios`
--

CREATE TABLE `usuarios` (
  `id` int(11) NOT NULL,
  `username` varchar(255) NOT NULL,
  `password_hash` varchar(255) NOT NULL,
  `role` varchar(50) NOT NULL DEFAULT 'user',
  `email` varchar(255) DEFAULT NULL,
  `senha_hash` varchar(255) DEFAULT NULL,
  `google_id` varchar(255) DEFAULT NULL,
  `foto_url` varchar(500) DEFAULT NULL,
  `ativo` tinyint(1) NOT NULL DEFAULT 1,
  `criado_em` datetime NOT NULL DEFAULT CURRENT_TIMESTAMP
) ENGINE=InnoDB DEFAULT CHARSET=utf8mb4 COLLATE=utf8mb4_unicode_ci;

--
-- Despejando dados para a tabela `usuarios`
--

INSERT INTO `usuarios` (`id`, `username`, `password_hash`, `role`, `email`, `senha_hash`, `google_id`, `foto_url`, `ativo`, `criado_em`) VALUES
(1, 'admin', '$2y$10$NDojpZpyQYjhPHrHZDh2hOBY/lo79bD.3atApWTLjs/x7qaKhD.om', 'admin', NULL, NULL, NULL, NULL, 1, '2026-03-03 19:51:56'),
(2, 'lani', '$2b$10$bZ1QLbMYk6XxF9qTNLXAw.1N1Yxyi55TBbqMATkLu0NUBlixN0L.O', 'admin', NULL, NULL, NULL, NULL, 1, '2026-03-03 19:51:56'),
(3, 'Xan', '$2b$10$pHBjEwo54mgjERfizsALS.ufq.Y2AWKM4tEl0U0.b3tlersYoqm4K', 'admin', NULL, NULL, NULL, NULL, 1, '2026-03-03 19:51:56'),
(4, 'dieguinho', '$2b$10$3AaaxPxZ5mAQu.ZqMudC8OFekbjdmn/8TuhXEk78mVuWEVdNz4Yh2', 'admin', NULL, NULL, NULL, NULL, 1, '2026-03-03 19:51:56'),
(5, 'wagner', '$2b$10$hQ30bae3INAbdmvtQSCGJODAF2UWjVjBPFeZJoYupabQ08koGLXCm', 'user', NULL, NULL, NULL, NULL, 1, '2026-03-03 19:51:56'),
(6, 'Tiago', '$2b$10$ET125jBHmK.GU359uRs2M.34Sj.4UOx0qL508c7czvbGOhoB8B.VG', 'user', NULL, NULL, NULL, NULL, 1, '2026-03-03 19:51:56'),
(7, 'mexirica', '$2b$10$3fD1ZBL2X6CcfEajW5IsDekUWEMhT90gZl45rVFrMACtXIx690ySy', 'user', NULL, NULL, NULL, NULL, 1, '2026-03-03 19:51:56'),
(13, 'condominiosamambaia', '', 'user', 'condsamambaia117@gmail.com', NULL, '107831403574549156414', 'https://lh3.googleusercontent.com/a/ACg8ocKFqr4t4ny8LGkJXpadWtgSiyp6RJKZPCZKolle_Lxdsl9fAg=s96-c', 1, '2026-03-04 22:21:17'),
(14, 'zeopika', '$2y$12$bCqQAJY0baSmD7Jthwg.Y.ltVJPRAiSGx6nLmgRrtBizVpPDQWTYO', 'user', NULL, NULL, NULL, NULL, 1, '2026-03-16 20:36:51');

--
-- Índices para tabelas despejadas
--

--
-- Índices de tabela `campeonatos`
--
ALTER TABLE `campeonatos`
  ADD PRIMARY KEY (`id`),
  ADD UNIQUE KEY `nome` (`nome`),
  ADD KEY `time_campeao_id` (`time_campeao_id`);

--
-- Índices de tabela `campeonato_elencos`
--
ALTER TABLE `campeonato_elencos`
  ADD PRIMARY KEY (`id`),
  ADD KEY `campeonato_id` (`campeonato_id`),
  ADD KEY `time_id` (`time_id`),
  ADD KEY `jogador_id` (`jogador_id`);

--
-- Índices de tabela `campeonato_estatisticas_partida`
--
ALTER TABLE `campeonato_estatisticas_partida`
  ADD PRIMARY KEY (`partida_id`,`jogador_id`),
  ADD KEY `idx_cep_partida_jogador` (`partida_id`,`jogador_id`),
  ADD KEY `idx_cep_jogador` (`jogador_id`),
  ADD KEY `idx_cep_time` (`time_id`);

--
-- Índices de tabela `campeonato_eventos_partida`
--
ALTER TABLE `campeonato_eventos_partida`
  ADD PRIMARY KEY (`id`),
  ADD KEY `idx_partida` (`partida_id`),
  ADD KEY `idx_jogador` (`jogador_id`),
  ADD KEY `idx_cev_partida` (`partida_id`),
  ADD KEY `idx_cev_jogador` (`jogador_id`),
  ADD KEY `idx_cev_tipo` (`tipo`),
  ADD KEY `idx_cev_assist` (`assist_por_jogador_id`);

--
-- Índices de tabela `campeonato_partidas`
--
ALTER TABLE `campeonato_partidas`
  ADD PRIMARY KEY (`id`),
  ADD KEY `timeA_id` (`timeA_id`),
  ADD KEY `timeB_id` (`timeB_id`),
  ADD KEY `goleiro_timeB_id` (`goleiro_timeB_id`),
  ADD KEY `idx_cp_status` (`status`),
  ADD KEY `idx_cp_rodada` (`rodada_id`),
  ADD KEY `idx_cp_campeonato_status` (`campeonato_id`,`status`),
  ADD KEY `idx_cp_goleiros` (`goleiro_timeA_id`,`goleiro_timeB_id`);

--
-- Índices de tabela `campeonato_premios`
--
ALTER TABLE `campeonato_premios`
  ADD PRIMARY KEY (`id`),
  ADD KEY `campeonato_id` (`campeonato_id`),
  ADD KEY `idx_cprem_jogador_tipo` (`jogador_id`,`tipo_premio`);

--
-- Índices de tabela `campeonato_rodada_elencos`
--
ALTER TABLE `campeonato_rodada_elencos`
  ADD PRIMARY KEY (`id`),
  ADD KEY `time_id` (`time_id`),
  ADD KEY `idx_cre_rodada_time` (`rodada_id`,`time_id`),
  ADD KEY `idx_cre_jogador` (`jogador_id`);

--
-- Índices de tabela `campeonato_times`
--
ALTER TABLE `campeonato_times`
  ADD PRIMARY KEY (`campeonato_id`,`time_id`),
  ADD KEY `time_id` (`time_id`);

--
-- Índices de tabela `campeonato_vencedores`
--
ALTER TABLE `campeonato_vencedores`
  ADD PRIMARY KEY (`campeonato_id`,`jogador_id`),
  ADD KEY `idx_cv_jogador` (`jogador_id`);

--
-- Índices de tabela `cartolendas_capitao`
--
ALTER TABLE `cartolendas_capitao`
  ADD PRIMARY KEY (`id`),
  ADD UNIQUE KEY `uq_time_rodada` (`cartolendas_time_id`,`rodada_id`),
  ADD KEY `jogador_id` (`jogador_id`),
  ADD KEY `rodada_id` (`rodada_id`);

--
-- Índices de tabela `cartolendas_chat`
--
ALTER TABLE `cartolendas_chat`
  ADD PRIMARY KEY (`id`),
  ADD KEY `liga_id` (`liga_id`),
  ADD KEY `usuario_id` (`usuario_id`);

--
-- Índices de tabela `cartolendas_divisoes`
--
ALTER TABLE `cartolendas_divisoes`
  ADD PRIMARY KEY (`id`);

--
-- Índices de tabela `cartolendas_draft`
--
ALTER TABLE `cartolendas_draft`
  ADD PRIMARY KEY (`id`),
  ADD UNIQUE KEY `uq_liga_jogador` (`liga_id`,`jogador_id`),
  ADD KEY `usuario_id` (`usuario_id`),
  ADD KEY `jogador_id` (`jogador_id`),
  ADD KEY `rodada_ref` (`rodada_ref`);

--
-- Índices de tabela `cartolendas_escalacao`
--
ALTER TABLE `cartolendas_escalacao`
  ADD PRIMARY KEY (`id`),
  ADD UNIQUE KEY `uq_time_jogador` (`cartolendas_time_id`,`jogador_id`),
  ADD KEY `jogador_id` (`jogador_id`),
  ADD KEY `substituido_por_id` (`substituido_por_id`);

--
-- Índices de tabela `cartolendas_historico_precos`
--
ALTER TABLE `cartolendas_historico_precos`
  ADD PRIMARY KEY (`id`),
  ADD KEY `jogador_id` (`jogador_id`),
  ADD KEY `rodada_id` (`rodada_id`);

--
-- Índices de tabela `cartolendas_ligas`
--
ALTER TABLE `cartolendas_ligas`
  ADD PRIMARY KEY (`id`),
  ADD UNIQUE KEY `codigo_convite` (`codigo_convite`),
  ADD KEY `criador_id` (`criador_id`),
  ADD KEY `campeonato_id` (`campeonato_id`);

--
-- Índices de tabela `cartolendas_liga_membros`
--
ALTER TABLE `cartolendas_liga_membros`
  ADD PRIMARY KEY (`id`),
  ADD UNIQUE KEY `uq_liga_usuario` (`liga_id`,`usuario_id`),
  ADD KEY `usuario_id` (`usuario_id`);

--
-- Índices de tabela `cartolendas_precos`
--
ALTER TABLE `cartolendas_precos`
  ADD PRIMARY KEY (`id`),
  ADD UNIQUE KEY `uq_jogador_rodada` (`jogador_id`,`rodada_id`),
  ADD KEY `rodada_id` (`rodada_id`),
  ADD KEY `idx_cartprc_jogador_rodada` (`jogador_id`,`rodada_id`);

--
-- Índices de tabela `cartolendas_ranking`
--
ALTER TABLE `cartolendas_ranking`
  ADD PRIMARY KEY (`id`),
  ADD UNIQUE KEY `usuario_id` (`usuario_id`);

--
-- Índices de tabela `cartolendas_times`
--
ALTER TABLE `cartolendas_times`
  ADD PRIMARY KEY (`id`),
  ADD UNIQUE KEY `uq_usuario_rodada` (`usuario_id`,`rodada_id`),
  ADD KEY `rodada_id` (`rodada_id`),
  ADD KEY `liga_id` (`liga_id`);

--
-- Índices de tabela `cartolendas_transferencias`
--
ALTER TABLE `cartolendas_transferencias`
  ADD PRIMARY KEY (`id`),
  ADD KEY `usuario_id` (`usuario_id`),
  ADD KEY `rodada_id` (`rodada_id`),
  ADD KEY `jogador_saiu_id` (`jogador_saiu_id`),
  ADD KEY `jogador_entrou_id` (`jogador_entrou_id`);

--
-- Índices de tabela `convites`
--
ALTER TABLE `convites`
  ADD PRIMARY KEY (`id`),
  ADD UNIQUE KEY `token` (`token`),
  ADD UNIQUE KEY `jogador_id` (`jogador_id`),
  ADD KEY `criado_por` (`criado_por`),
  ADD KEY `idx_convites_token` (`token`),
  ADD KEY `idx_convites_jogador_id` (`jogador_id`);

--
-- Índices de tabela `jogadores`
--
ALTER TABLE `jogadores`
  ADD PRIMARY KEY (`id`),
  ADD UNIQUE KEY `nome` (`nome`),
  ADD KEY `idx_jogadores_usuario_id` (`usuario_id`);

--
-- Índices de tabela `ligas`
--
ALTER TABLE `ligas`
  ADD PRIMARY KEY (`id`);

--
-- Índices de tabela `notificacoes`
--
ALTER TABLE `notificacoes`
  ADD PRIMARY KEY (`id`),
  ADD KEY `idx_usuario_lida` (`usuario_id`,`lida`),
  ADD KEY `idx_usuario_criado` (`usuario_id`,`criado_em`);

--
-- Índices de tabela `premios_rodada`
--
ALTER TABLE `premios_rodada`
  ADD PRIMARY KEY (`id`),
  ADD KEY `idx_pr_rodada` (`rodada_id`),
  ADD KEY `idx_pr_jogador_tipo` (`jogador_id`,`tipo_premio`);

--
-- Índices de tabela `rodadas`
--
ALTER TABLE `rodadas`
  ADD PRIMARY KEY (`id`),
  ADD KEY `idx_rod_campeonato` (`campeonato_id`),
  ADD KEY `idx_rod_liga` (`liga_id`);

--
-- Índices de tabela `rodada_jogadores`
--
ALTER TABLE `rodada_jogadores`
  ADD PRIMARY KEY (`rodada_id`,`jogador_id`),
  ADD KEY `jogador_id` (`jogador_id`);

--
-- Índices de tabela `rodada_times`
--
ALTER TABLE `rodada_times`
  ADD PRIMARY KEY (`id`),
  ADD KEY `rodada_id` (`rodada_id`),
  ADD KEY `jogador_id` (`jogador_id`);

--
-- Índices de tabela `times`
--
ALTER TABLE `times`
  ADD PRIMARY KEY (`id`),
  ADD UNIQUE KEY `nome` (`nome`);

--
-- Índices de tabela `time_jogadores`
--
ALTER TABLE `time_jogadores`
  ADD PRIMARY KEY (`time_id`,`jogador_id`),
  ADD KEY `jogador_id` (`jogador_id`);

--
-- Índices de tabela `usuarios`
--
ALTER TABLE `usuarios`
  ADD PRIMARY KEY (`id`),
  ADD UNIQUE KEY `username` (`username`);

--
-- AUTO_INCREMENT para tabelas despejadas
--

--
-- AUTO_INCREMENT de tabela `campeonatos`
--
ALTER TABLE `campeonatos`
  MODIFY `id` int(11) NOT NULL AUTO_INCREMENT, AUTO_INCREMENT=39;

--
-- AUTO_INCREMENT de tabela `campeonato_elencos`
--
ALTER TABLE `campeonato_elencos`
  MODIFY `id` int(11) NOT NULL AUTO_INCREMENT, AUTO_INCREMENT=561;

--
-- AUTO_INCREMENT de tabela `campeonato_eventos_partida`
--
ALTER TABLE `campeonato_eventos_partida`
  MODIFY `id` int(11) NOT NULL AUTO_INCREMENT, AUTO_INCREMENT=386;

--
-- AUTO_INCREMENT de tabela `campeonato_partidas`
--
ALTER TABLE `campeonato_partidas`
  MODIFY `id` int(11) NOT NULL AUTO_INCREMENT, AUTO_INCREMENT=244;

--
-- AUTO_INCREMENT de tabela `campeonato_premios`
--
ALTER TABLE `campeonato_premios`
  MODIFY `id` int(11) NOT NULL AUTO_INCREMENT, AUTO_INCREMENT=3;

--
-- AUTO_INCREMENT de tabela `campeonato_rodada_elencos`
--
ALTER TABLE `campeonato_rodada_elencos`
  MODIFY `id` int(11) NOT NULL AUTO_INCREMENT, AUTO_INCREMENT=949;

--
-- AUTO_INCREMENT de tabela `cartolendas_capitao`
--
ALTER TABLE `cartolendas_capitao`
  MODIFY `id` int(11) NOT NULL AUTO_INCREMENT, AUTO_INCREMENT=13;

--
-- AUTO_INCREMENT de tabela `cartolendas_chat`
--
ALTER TABLE `cartolendas_chat`
  MODIFY `id` int(11) NOT NULL AUTO_INCREMENT, AUTO_INCREMENT=2;

--
-- AUTO_INCREMENT de tabela `cartolendas_divisoes`
--
ALTER TABLE `cartolendas_divisoes`
  MODIFY `id` int(10) UNSIGNED NOT NULL AUTO_INCREMENT, AUTO_INCREMENT=13;

--
-- AUTO_INCREMENT de tabela `cartolendas_draft`
--
ALTER TABLE `cartolendas_draft`
  MODIFY `id` int(11) NOT NULL AUTO_INCREMENT;

--
-- AUTO_INCREMENT de tabela `cartolendas_escalacao`
--
ALTER TABLE `cartolendas_escalacao`
  MODIFY `id` int(11) NOT NULL AUTO_INCREMENT, AUTO_INCREMENT=133;

--
-- AUTO_INCREMENT de tabela `cartolendas_historico_precos`
--
ALTER TABLE `cartolendas_historico_precos`
  MODIFY `id` int(11) NOT NULL AUTO_INCREMENT, AUTO_INCREMENT=1014;

--
-- AUTO_INCREMENT de tabela `cartolendas_ligas`
--
ALTER TABLE `cartolendas_ligas`
  MODIFY `id` int(11) NOT NULL AUTO_INCREMENT, AUTO_INCREMENT=4;

--
-- AUTO_INCREMENT de tabela `cartolendas_liga_membros`
--
ALTER TABLE `cartolendas_liga_membros`
  MODIFY `id` int(11) NOT NULL AUTO_INCREMENT, AUTO_INCREMENT=7;

--
-- AUTO_INCREMENT de tabela `cartolendas_precos`
--
ALTER TABLE `cartolendas_precos`
  MODIFY `id` int(11) NOT NULL AUTO_INCREMENT, AUTO_INCREMENT=1092;

--
-- AUTO_INCREMENT de tabela `cartolendas_ranking`
--
ALTER TABLE `cartolendas_ranking`
  MODIFY `id` int(11) NOT NULL AUTO_INCREMENT, AUTO_INCREMENT=43;

--
-- AUTO_INCREMENT de tabela `cartolendas_times`
--
ALTER TABLE `cartolendas_times`
  MODIFY `id` int(11) NOT NULL AUTO_INCREMENT, AUTO_INCREMENT=19;

--
-- AUTO_INCREMENT de tabela `cartolendas_transferencias`
--
ALTER TABLE `cartolendas_transferencias`
  MODIFY `id` int(11) NOT NULL AUTO_INCREMENT;

--
-- AUTO_INCREMENT de tabela `convites`
--
ALTER TABLE `convites`
  MODIFY `id` int(11) NOT NULL AUTO_INCREMENT, AUTO_INCREMENT=25;

--
-- AUTO_INCREMENT de tabela `jogadores`
--
ALTER TABLE `jogadores`
  MODIFY `id` int(11) NOT NULL AUTO_INCREMENT, AUTO_INCREMENT=134;

--
-- AUTO_INCREMENT de tabela `ligas`
--
ALTER TABLE `ligas`
  MODIFY `id` int(11) NOT NULL AUTO_INCREMENT, AUTO_INCREMENT=3;

--
-- AUTO_INCREMENT de tabela `notificacoes`
--
ALTER TABLE `notificacoes`
  MODIFY `id` int(11) NOT NULL AUTO_INCREMENT;

--
-- AUTO_INCREMENT de tabela `premios_rodada`
--
ALTER TABLE `premios_rodada`
  MODIFY `id` int(11) NOT NULL AUTO_INCREMENT, AUTO_INCREMENT=1215;

--
-- AUTO_INCREMENT de tabela `rodadas`
--
ALTER TABLE `rodadas`
  MODIFY `id` int(11) NOT NULL AUTO_INCREMENT, AUTO_INCREMENT=68;

--
-- AUTO_INCREMENT de tabela `rodada_times`
--
ALTER TABLE `rodada_times`
  MODIFY `id` int(11) NOT NULL AUTO_INCREMENT;

--
-- AUTO_INCREMENT de tabela `times`
--
ALTER TABLE `times`
  MODIFY `id` int(11) NOT NULL AUTO_INCREMENT, AUTO_INCREMENT=15;

--
-- AUTO_INCREMENT de tabela `usuarios`
--
ALTER TABLE `usuarios`
  MODIFY `id` int(11) NOT NULL AUTO_INCREMENT, AUTO_INCREMENT=15;

--
-- Restrições para tabelas despejadas
--

--
-- Restrições para tabelas `campeonatos`
--
ALTER TABLE `campeonatos`
  ADD CONSTRAINT `campeonatos_ibfk_1` FOREIGN KEY (`time_campeao_id`) REFERENCES `times` (`id`) ON DELETE SET NULL;

--
-- Restrições para tabelas `campeonato_elencos`
--
ALTER TABLE `campeonato_elencos`
  ADD CONSTRAINT `campeonato_elencos_ibfk_1` FOREIGN KEY (`campeonato_id`) REFERENCES `campeonatos` (`id`) ON DELETE CASCADE,
  ADD CONSTRAINT `campeonato_elencos_ibfk_2` FOREIGN KEY (`time_id`) REFERENCES `times` (`id`) ON DELETE CASCADE,
  ADD CONSTRAINT `campeonato_elencos_ibfk_3` FOREIGN KEY (`jogador_id`) REFERENCES `jogadores` (`id`) ON DELETE CASCADE;

--
-- Restrições para tabelas `campeonato_estatisticas_partida`
--
ALTER TABLE `campeonato_estatisticas_partida`
  ADD CONSTRAINT `campeonato_estatisticas_partida_ibfk_1` FOREIGN KEY (`partida_id`) REFERENCES `campeonato_partidas` (`id`) ON DELETE CASCADE,
  ADD CONSTRAINT `campeonato_estatisticas_partida_ibfk_2` FOREIGN KEY (`jogador_id`) REFERENCES `jogadores` (`id`) ON DELETE CASCADE,
  ADD CONSTRAINT `campeonato_estatisticas_partida_ibfk_3` FOREIGN KEY (`time_id`) REFERENCES `times` (`id`) ON DELETE CASCADE;

--
-- Restrições para tabelas `campeonato_partidas`
--
ALTER TABLE `campeonato_partidas`
  ADD CONSTRAINT `campeonato_partidas_ibfk_1` FOREIGN KEY (`campeonato_id`) REFERENCES `campeonatos` (`id`) ON DELETE CASCADE,
  ADD CONSTRAINT `campeonato_partidas_ibfk_2` FOREIGN KEY (`rodada_id`) REFERENCES `rodadas` (`id`) ON DELETE CASCADE,
  ADD CONSTRAINT `campeonato_partidas_ibfk_3` FOREIGN KEY (`timeA_id`) REFERENCES `times` (`id`) ON DELETE CASCADE,
  ADD CONSTRAINT `campeonato_partidas_ibfk_4` FOREIGN KEY (`timeB_id`) REFERENCES `times` (`id`) ON DELETE CASCADE,
  ADD CONSTRAINT `campeonato_partidas_ibfk_5` FOREIGN KEY (`goleiro_timeA_id`) REFERENCES `jogadores` (`id`) ON DELETE SET NULL,
  ADD CONSTRAINT `campeonato_partidas_ibfk_6` FOREIGN KEY (`goleiro_timeB_id`) REFERENCES `jogadores` (`id`) ON DELETE SET NULL;

--
-- Restrições para tabelas `campeonato_premios`
--
ALTER TABLE `campeonato_premios`
  ADD CONSTRAINT `campeonato_premios_ibfk_1` FOREIGN KEY (`campeonato_id`) REFERENCES `campeonatos` (`id`) ON DELETE CASCADE,
  ADD CONSTRAINT `campeonato_premios_ibfk_2` FOREIGN KEY (`jogador_id`) REFERENCES `jogadores` (`id`) ON DELETE CASCADE;

--
-- Restrições para tabelas `campeonato_rodada_elencos`
--
ALTER TABLE `campeonato_rodada_elencos`
  ADD CONSTRAINT `campeonato_rodada_elencos_ibfk_1` FOREIGN KEY (`rodada_id`) REFERENCES `rodadas` (`id`) ON DELETE CASCADE,
  ADD CONSTRAINT `campeonato_rodada_elencos_ibfk_2` FOREIGN KEY (`time_id`) REFERENCES `times` (`id`) ON DELETE CASCADE,
  ADD CONSTRAINT `campeonato_rodada_elencos_ibfk_3` FOREIGN KEY (`jogador_id`) REFERENCES `jogadores` (`id`) ON DELETE CASCADE;

--
-- Restrições para tabelas `campeonato_times`
--
ALTER TABLE `campeonato_times`
  ADD CONSTRAINT `campeonato_times_ibfk_1` FOREIGN KEY (`campeonato_id`) REFERENCES `campeonatos` (`id`) ON DELETE CASCADE,
  ADD CONSTRAINT `campeonato_times_ibfk_2` FOREIGN KEY (`time_id`) REFERENCES `times` (`id`) ON DELETE CASCADE;

--
-- Restrições para tabelas `campeonato_vencedores`
--
ALTER TABLE `campeonato_vencedores`
  ADD CONSTRAINT `campeonato_vencedores_ibfk_1` FOREIGN KEY (`campeonato_id`) REFERENCES `campeonatos` (`id`) ON DELETE CASCADE,
  ADD CONSTRAINT `campeonato_vencedores_ibfk_2` FOREIGN KEY (`jogador_id`) REFERENCES `jogadores` (`id`) ON DELETE CASCADE;

--
-- Restrições para tabelas `cartolendas_capitao`
--
ALTER TABLE `cartolendas_capitao`
  ADD CONSTRAINT `cartolendas_capitao_ibfk_1` FOREIGN KEY (`cartolendas_time_id`) REFERENCES `cartolendas_times` (`id`) ON DELETE CASCADE,
  ADD CONSTRAINT `cartolendas_capitao_ibfk_2` FOREIGN KEY (`jogador_id`) REFERENCES `jogadores` (`id`) ON DELETE CASCADE,
  ADD CONSTRAINT `cartolendas_capitao_ibfk_3` FOREIGN KEY (`rodada_id`) REFERENCES `rodadas` (`id`) ON DELETE CASCADE;

--
-- Restrições para tabelas `cartolendas_chat`
--
ALTER TABLE `cartolendas_chat`
  ADD CONSTRAINT `cartolendas_chat_ibfk_1` FOREIGN KEY (`liga_id`) REFERENCES `cartolendas_ligas` (`id`) ON DELETE CASCADE,
  ADD CONSTRAINT `cartolendas_chat_ibfk_2` FOREIGN KEY (`usuario_id`) REFERENCES `usuarios` (`id`) ON DELETE CASCADE;

--
-- Restrições para tabelas `cartolendas_draft`
--
ALTER TABLE `cartolendas_draft`
  ADD CONSTRAINT `cartolendas_draft_ibfk_1` FOREIGN KEY (`liga_id`) REFERENCES `cartolendas_ligas` (`id`) ON DELETE CASCADE,
  ADD CONSTRAINT `cartolendas_draft_ibfk_2` FOREIGN KEY (`usuario_id`) REFERENCES `usuarios` (`id`) ON DELETE CASCADE,
  ADD CONSTRAINT `cartolendas_draft_ibfk_3` FOREIGN KEY (`jogador_id`) REFERENCES `jogadores` (`id`) ON DELETE CASCADE,
  ADD CONSTRAINT `cartolendas_draft_ibfk_4` FOREIGN KEY (`rodada_ref`) REFERENCES `rodadas` (`id`) ON DELETE CASCADE;

--
-- Restrições para tabelas `cartolendas_escalacao`
--
ALTER TABLE `cartolendas_escalacao`
  ADD CONSTRAINT `cartolendas_escalacao_ibfk_1` FOREIGN KEY (`cartolendas_time_id`) REFERENCES `cartolendas_times` (`id`) ON DELETE CASCADE,
  ADD CONSTRAINT `cartolendas_escalacao_ibfk_2` FOREIGN KEY (`jogador_id`) REFERENCES `jogadores` (`id`) ON DELETE CASCADE,
  ADD CONSTRAINT `cartolendas_escalacao_ibfk_3` FOREIGN KEY (`substituido_por_id`) REFERENCES `jogadores` (`id`) ON DELETE SET NULL;

--
-- Restrições para tabelas `cartolendas_historico_precos`
--
ALTER TABLE `cartolendas_historico_precos`
  ADD CONSTRAINT `cartolendas_historico_precos_ibfk_1` FOREIGN KEY (`jogador_id`) REFERENCES `jogadores` (`id`) ON DELETE CASCADE,
  ADD CONSTRAINT `cartolendas_historico_precos_ibfk_2` FOREIGN KEY (`rodada_id`) REFERENCES `rodadas` (`id`) ON DELETE CASCADE;

--
-- Restrições para tabelas `cartolendas_ligas`
--
ALTER TABLE `cartolendas_ligas`
  ADD CONSTRAINT `cartolendas_ligas_ibfk_1` FOREIGN KEY (`criador_id`) REFERENCES `usuarios` (`id`) ON DELETE CASCADE,
  ADD CONSTRAINT `cartolendas_ligas_ibfk_2` FOREIGN KEY (`campeonato_id`) REFERENCES `campeonatos` (`id`) ON DELETE CASCADE;

--
-- Restrições para tabelas `cartolendas_liga_membros`
--
ALTER TABLE `cartolendas_liga_membros`
  ADD CONSTRAINT `cartolendas_liga_membros_ibfk_1` FOREIGN KEY (`liga_id`) REFERENCES `cartolendas_ligas` (`id`) ON DELETE CASCADE,
  ADD CONSTRAINT `cartolendas_liga_membros_ibfk_2` FOREIGN KEY (`usuario_id`) REFERENCES `usuarios` (`id`) ON DELETE CASCADE;

--
-- Restrições para tabelas `cartolendas_precos`
--
ALTER TABLE `cartolendas_precos`
  ADD CONSTRAINT `cartolendas_precos_ibfk_1` FOREIGN KEY (`jogador_id`) REFERENCES `jogadores` (`id`) ON DELETE CASCADE,
  ADD CONSTRAINT `cartolendas_precos_ibfk_2` FOREIGN KEY (`rodada_id`) REFERENCES `rodadas` (`id`) ON DELETE CASCADE;

--
-- Restrições para tabelas `cartolendas_ranking`
--
ALTER TABLE `cartolendas_ranking`
  ADD CONSTRAINT `cartolendas_ranking_ibfk_1` FOREIGN KEY (`usuario_id`) REFERENCES `usuarios` (`id`) ON DELETE CASCADE;

--
-- Restrições para tabelas `cartolendas_times`
--
ALTER TABLE `cartolendas_times`
  ADD CONSTRAINT `cartolendas_times_ibfk_1` FOREIGN KEY (`usuario_id`) REFERENCES `usuarios` (`id`) ON DELETE CASCADE,
  ADD CONSTRAINT `cartolendas_times_ibfk_2` FOREIGN KEY (`rodada_id`) REFERENCES `rodadas` (`id`) ON DELETE CASCADE,
  ADD CONSTRAINT `cartolendas_times_ibfk_3` FOREIGN KEY (`liga_id`) REFERENCES `cartolendas_ligas` (`id`) ON DELETE SET NULL;

--
-- Restrições para tabelas `cartolendas_transferencias`
--
ALTER TABLE `cartolendas_transferencias`
  ADD CONSTRAINT `cartolendas_transferencias_ibfk_1` FOREIGN KEY (`usuario_id`) REFERENCES `usuarios` (`id`) ON DELETE CASCADE,
  ADD CONSTRAINT `cartolendas_transferencias_ibfk_2` FOREIGN KEY (`rodada_id`) REFERENCES `rodadas` (`id`) ON DELETE CASCADE,
  ADD CONSTRAINT `cartolendas_transferencias_ibfk_3` FOREIGN KEY (`jogador_saiu_id`) REFERENCES `jogadores` (`id`) ON DELETE CASCADE,
  ADD CONSTRAINT `cartolendas_transferencias_ibfk_4` FOREIGN KEY (`jogador_entrou_id`) REFERENCES `jogadores` (`id`) ON DELETE CASCADE;

--
-- Restrições para tabelas `convites`
--
ALTER TABLE `convites`
  ADD CONSTRAINT `convites_ibfk_1` FOREIGN KEY (`jogador_id`) REFERENCES `jogadores` (`id`) ON DELETE CASCADE,
  ADD CONSTRAINT `convites_ibfk_2` FOREIGN KEY (`criado_por`) REFERENCES `usuarios` (`id`) ON DELETE SET NULL;

--
-- Restrições para tabelas `jogadores`
--
ALTER TABLE `jogadores`
  ADD CONSTRAINT `jogadores_ibfk_1` FOREIGN KEY (`usuario_id`) REFERENCES `usuarios` (`id`) ON DELETE SET NULL;

--
-- Restrições para tabelas `premios_rodada`
--
ALTER TABLE `premios_rodada`
  ADD CONSTRAINT `premios_rodada_ibfk_1` FOREIGN KEY (`rodada_id`) REFERENCES `rodadas` (`id`) ON DELETE CASCADE,
  ADD CONSTRAINT `premios_rodada_ibfk_2` FOREIGN KEY (`jogador_id`) REFERENCES `jogadores` (`id`) ON DELETE CASCADE;

--
-- Restrições para tabelas `rodadas`
--
ALTER TABLE `rodadas`
  ADD CONSTRAINT `rodadas_ibfk_1` FOREIGN KEY (`liga_id`) REFERENCES `ligas` (`id`) ON DELETE CASCADE,
  ADD CONSTRAINT `rodadas_ibfk_2` FOREIGN KEY (`campeonato_id`) REFERENCES `campeonatos` (`id`) ON DELETE CASCADE;

--
-- Restrições para tabelas `rodada_jogadores`
--
ALTER TABLE `rodada_jogadores`
  ADD CONSTRAINT `rodada_jogadores_ibfk_1` FOREIGN KEY (`rodada_id`) REFERENCES `rodadas` (`id`) ON DELETE CASCADE,
  ADD CONSTRAINT `rodada_jogadores_ibfk_2` FOREIGN KEY (`jogador_id`) REFERENCES `jogadores` (`id`) ON DELETE CASCADE;

--
-- Restrições para tabelas `rodada_times`
--
ALTER TABLE `rodada_times`
  ADD CONSTRAINT `rodada_times_ibfk_1` FOREIGN KEY (`rodada_id`) REFERENCES `rodadas` (`id`) ON DELETE CASCADE,
  ADD CONSTRAINT `rodada_times_ibfk_2` FOREIGN KEY (`jogador_id`) REFERENCES `jogadores` (`id`) ON DELETE CASCADE;

--
-- Restrições para tabelas `time_jogadores`
--
ALTER TABLE `time_jogadores`
  ADD CONSTRAINT `time_jogadores_ibfk_1` FOREIGN KEY (`time_id`) REFERENCES `times` (`id`) ON DELETE CASCADE,
  ADD CONSTRAINT `time_jogadores_ibfk_2` FOREIGN KEY (`jogador_id`) REFERENCES `jogadores` (`id`) ON DELETE CASCADE;
COMMIT;

/*!40101 SET CHARACTER_SET_CLIENT=@OLD_CHARACTER_SET_CLIENT */;
/*!40101 SET CHARACTER_SET_RESULTS=@OLD_CHARACTER_SET_RESULTS */;
/*!40101 SET COLLATION_CONNECTION=@OLD_COLLATION_CONNECTION */;
SET FOREIGN_KEY_CHECKS=1;
